<?xml version="1.0" encoding="UTF-8"?>
<ivy-module version="2.0" xmlns:m="http://ant.apache.org/ivy/maven" xmlns:e="http://ant.apache.org/ivy/extra">
	<info organisation="javax.ws.rs"
		module="javax.ws.rs-api"
		revision="2.0.1"
		status="release"
		publication="20140807070813"
	>
		<license name="CDDL 1.1" url="http://glassfish.java.net/public/CDDL+GPL_1_1.html" />
		<license name="GPL2 w/ CPE" url="http://glassfish.java.net/public/CDDL+GPL_1_1.html" />
		<description homepage="http://jax-rs-spec.java.net" />
		<m:properties__spec.version>${last.final.spec.version}</m:properties__spec.version>
		<m:properties__last.final.spec.version>2.0</m:properties__last.final.spec.version>
		<m:properties__new.spec.version>${next.final.spec.version}</m:properties__new.spec.version>
		<e:sbtTransformHash>5fcd4f6ad3c4afd5d89d0feb44eb830a2b4a3d34</e:sbtTransformHash>
		<m:properties__project.build.sourceEncoding>UTF-8</m:properties__project.build.sourceEncoding>
		<m:properties__jvnetDistMgmtSnapshotsUrl>https://maven.java.net/content/repositories/snapshots/</m:properties__jvnetDistMgmtSnapshotsUrl>
		<m:maven.plugins>org.apache.maven.plugins__maven-compiler-plugin__null|org.apache.maven.plugins__maven-jar-plugin__null|org.codehaus.mojo__buildnumber-maven-plugin__null|org.apache.felix__maven-bundle-plugin__null|org.apache.maven.plugins__maven-javadoc-plugin__null|org.apache.maven.plugins__maven-source-plugin__null|org.apache.maven.plugins__maven-jxr-plugin__null|org.apache.maven.plugins__maven-checkstyle-plugin__null|org.glassfish.copyright__glassfish-copyright-maven-plugin__null|org.glassfish.build__spec-version-maven-plugin__null</m:maven.plugins>
		<m:properties__non.final>true</m:properties__non.final>
		<m:properties__milestone.number>01</m:properties__milestone.number>
		<m:properties__next.final.spec.version>2.0</m:properties__next.final.spec.version>
		<m:properties__skip.release.tests>false</m:properties__skip.release.tests>
	</info>
	<configurations>
		<conf name="default" visibility="public" description="runtime dependencies and master artifact can be used with this conf" extends="runtime,master"/>
		<conf name="master" visibility="public" description="contains only the artifact published by this module itself, with no transitive dependencies"/>
		<conf name="compile" visibility="public" description="this is the default scope, used if none is specified. Compile dependencies are available in all classpaths."/>
		<conf name="provided" visibility="public" description="this is much like compile, but indicates you expect the JDK or a container to provide it. It is only available on the compilation classpath, and is not transitive."/>
		<conf name="runtime" visibility="public" description="this scope indicates that the dependency is not required for compilation, but is for execution. It is in the runtime and test classpaths, but not the compile classpath." extends="compile"/>
		<conf name="test" visibility="private" description="this scope indicates that the dependency is not required for normal use of the application, and is only available for the test compilation and execution phases." extends="runtime"/>
		<conf name="system" visibility="public" description="this scope is similar to provided except that you have to provide the JAR which contains it explicitly. The artifact is always available and is not looked up in a repository."/>
		<conf name="sources" visibility="public" description="this configuration contains the source artifact of this module, if any."/>
		<conf name="javadoc" visibility="public" description="this configuration contains the javadoc artifact of this module, if any."/>
		<conf name="optional" visibility="public" description="contains all optional dependencies"/>
	</configurations>
	<publications>
		<artifact name="javax.ws.rs-api" type="jar" ext="jar" conf="master"/>
	</publications>
	<dependencies>
		<dependency org="junit" name="junit" rev="4.11" force="true" conf="test->runtime(*),master(compile)"/>
	</dependencies>
</ivy-module>
