<?xml version="1.0" encoding="UTF-8"?>
<ivy-module version="2.0" xmlns:m="http://ant.apache.org/ivy/maven" xmlns:e="http://ant.apache.org/ivy/extra">
	<info organisation="io.dropwizard.metrics"
		module="metrics-parent"
		revision="3.1.5"
		status="release"
		publication="20170602125855"
	>
		<license name="Apache License 2.0" url="http://www.apache.org/licenses/LICENSE-2.0.html" />
		<description homepage="http://metrics.codahale.com/">
		The Metrics library.
		</description>
		<m:properties__project.reporting.outputEncoding>UTF-8</m:properties__project.reporting.outputEncoding>
		<m:properties__jackson.version>2.4.2</m:properties__jackson.version>
		<m:properties__rabbitmq.version>3.3.5</m:properties__rabbitmq.version>
		<m:properties__jetty8.version>8.1.11.v20130520</m:properties__jetty8.version>
		<m:properties__jetty9.legacy.version>9.0.4.v20130625</m:properties__jetty9.legacy.version>
		<m:properties__slf4j.version>1.7.7</m:properties__slf4j.version>
		<m:properties__servlet.version>3.1.0</m:properties__servlet.version>
		<e:sbtTransformHash>3248866365a28f80d77f49187c7f9d7c3e990ff7</e:sbtTransformHash>
		<m:properties__project.build.sourceEncoding>UTF-8</m:properties__project.build.sourceEncoding>
		<m:dependency.management__org.slf4j__slf4j-api__version>1.7.7</m:dependency.management__org.slf4j__slf4j-api__version>
		<m:maven.plugins>org.apache.maven.plugins__maven-compiler-plugin__3.1|org.apache.felix__maven-bundle-plugin__2.3.7|org.apache.maven.plugins__maven-surefire-plugin__2.14.1|org.apache.maven.plugins__maven-source-plugin__2.2.1|org.apache.maven.plugins__maven-enforcer-plugin__1.2|org.apache.maven.plugins__maven-javadoc-plugin__2.9|org.apache.maven.plugins__maven-release-plugin__2.5.3|org.codehaus.mojo__findbugs-maven-plugin__3.0.0|org.apache.maven.plugins__maven-jar-plugin__2.4</m:maven.plugins>
		<m:properties__jetty9.version>9.2.2.v20140723</m:properties__jetty9.version>
	</info>
	<configurations>
		<conf name="default" visibility="public" description="runtime dependencies and master artifact can be used with this conf" extends="runtime,master"/>
		<conf name="master" visibility="public" description="contains only the artifact published by this module itself, with no transitive dependencies"/>
		<conf name="compile" visibility="public" description="this is the default scope, used if none is specified. Compile dependencies are available in all classpaths."/>
		<conf name="provided" visibility="public" description="this is much like compile, but indicates you expect the JDK or a container to provide it. It is only available on the compilation classpath, and is not transitive."/>
		<conf name="runtime" visibility="public" description="this scope indicates that the dependency is not required for compilation, but is for execution. It is in the runtime and test classpaths, but not the compile classpath." extends="compile"/>
		<conf name="test" visibility="private" description="this scope indicates that the dependency is not required for normal use of the application, and is only available for the test compilation and execution phases." extends="runtime"/>
		<conf name="system" visibility="public" description="this scope is similar to provided except that you have to provide the JAR which contains it explicitly. The artifact is always available and is not looked up in a repository."/>
		<conf name="sources" visibility="public" description="this configuration contains the source artifact of this module, if any."/>
		<conf name="javadoc" visibility="public" description="this configuration contains the javadoc artifact of this module, if any."/>
		<conf name="optional" visibility="public" description="contains all optional dependencies"/>
	</configurations>
	<publications>
	</publications>
	<dependencies>
		<dependency org="org.slf4j" name="slf4j-api" rev="1.7.7" force="true" conf="compile->compile(*),master(compile);runtime->runtime(*)"/>
		<dependency org="junit" name="junit" rev="4.11" force="true" conf="test->runtime(*),master(compile)"/>
		<dependency org="org.assertj" name="assertj-core" rev="1.6.1" force="true" conf="test->runtime(*),master(compile)"/>
		<dependency org="org.mockito" name="mockito-all" rev="1.9.5" force="true" conf="test->runtime(*),master(compile)"/>
		<dependency org="org.slf4j" name="slf4j-simple" rev="1.7.7" force="true" conf="test->runtime(*),master(compile)"/>
	</dependencies>
</ivy-module>
