<?xml version="1.0" encoding="UTF-8"?>
<ivy-module version="2.0" xmlns:m="http://ant.apache.org/ivy/maven" xmlns:e="http://ant.apache.org/ivy/extra">
	<info organisation="org.apache.directory.api"
		module="api-util"
		revision="1.0.0-M20"
		status="release"
		publication="20130814032558"
	>
		<license name="The Apache Software License, Version 2.0" url="http://www.apache.org/licenses/LICENSE-2.0.txt" />
		<description homepage="">
		Utilities shared across this top level project
		</description>
		<m:dependency.management__org.apache.directory.api__api-ldap-extras-trigger__version>1.0.0-M20</m:dependency.management__org.apache.directory.api__api-ldap-extras-trigger__version>
		<m:dependency.management__org.osgi__org.osgi__version>3.0.0</m:dependency.management__org.osgi__org.osgi__version>
		<m:properties__commons.lang.version>2.6</m:properties__commons.lang.version>
		<m:properties__distMgmtSiteUrl>scpexe://people.apache.org/www/directory.apache.org/api/gen-docs/${project.version}/</m:properties__distMgmtSiteUrl>
		<m:dependency.management__org.apache.directory.api__api-asn1-ber__version>1.0.0-M20</m:dependency.management__org.apache.directory.api__api-asn1-ber__version>
		<m:dependency.management__org.apache.directory.api__api-ldap-schema-data__version>1.0.0-M20</m:dependency.management__org.apache.directory.api__api-ldap-schema-data__version>
		<m:properties__junit.version>4.11</m:properties__junit.version>
		<m:dependency.management__org.apache.directory.api__api-ldap-codec-core__version>1.0.0-M20</m:dependency.management__org.apache.directory.api__api-ldap-codec-core__version>
		<m:dependency.management__commons-collections__commons-collections__version>3.2.1</m:dependency.management__commons-collections__commons-collections__version>
		<m:dependency.management__commons-pool__commons-pool__version>1.6</m:dependency.management__commons-pool__commons-pool__version>
		<m:dependency.management__dom4j__dom4j__version>1.6.1</m:dependency.management__dom4j__dom4j__version>
		<m:properties__org.osgi.version>3.0.0</m:properties__org.osgi.version>
		<m:dependency.management__org.apache.directory.api__api-ldap-extras-aci__version>1.0.0-M20</m:dependency.management__org.apache.directory.api__api-ldap-extras-aci__version>
		<m:dependency.management__org.ops4j.pax.exam__pax-exam__version>3.1.0</m:dependency.management__org.ops4j.pax.exam__pax-exam__version>
		<m:properties__xml.apis.version>2.0.2</m:properties__xml.apis.version>
		<m:properties__antlr.version>2.7.7</m:properties__antlr.version>
		<m:dependency.management__org.apache.directory.api__api-ldap-extras-codec-api__version>1.0.0-M20</m:dependency.management__org.apache.directory.api__api-ldap-extras-codec-api__version>
		<m:dependency.management__org.ops4j.pax.exam__pax-exam__scope>test</m:dependency.management__org.ops4j.pax.exam__pax-exam__scope>
		<m:dependency.management__org.slf4j__slf4j-api__version>1.7.5</m:dependency.management__org.slf4j__slf4j-api__version>
		<m:dependency.management__org.slf4j__slf4j-log4j12__version>1.7.5</m:dependency.management__org.slf4j__slf4j-log4j12__version>
		<m:properties__findbugs.annotations.version>1.0.0</m:properties__findbugs.annotations.version>
		<m:properties__skin.version>1.0.2</m:properties__skin.version>
		<m:properties__project.reporting.outputEncoding>UTF-8</m:properties__project.reporting.outputEncoding>
		<m:properties__distMgmtSnapshotsUrl>https://repository.apache.org/content/repositories/snapshots</m:properties__distMgmtSnapshotsUrl>
		<m:dependency.management__org.ops4j.pax.exam__pax-exam-junit__version>1.2.4</m:dependency.management__org.ops4j.pax.exam__pax-exam-junit__version>
		<m:properties__gpg.useagent>true</m:properties__gpg.useagent>
		<m:dependency.management__antlr__antlr__version>2.7.7</m:dependency.management__antlr__antlr__version>
		<m:properties__commons.io.version>2.4</m:properties__commons.io.version>
		<m:dependency.management__org.apache.directory.api__api-util__version>1.0.0-M20</m:dependency.management__org.apache.directory.api__api-util__version>
		<m:dependency.management__org.apache.directory.api__api-dsml-parser__version>1.0.0-M20</m:dependency.management__org.apache.directory.api__api-dsml-parser__version>
		<m:properties__dom4j.version>1.6.1</m:properties__dom4j.version>
		<m:dependency.management__org.ops4j.pax.exam__pax-exam-container-default__version>1.2.4</m:dependency.management__org.ops4j.pax.exam__pax-exam-container-default__version>
		<m:dependency.management__org.apache.directory.junit__junit-addons__version>0.1</m:dependency.management__org.apache.directory.junit__junit-addons__version>
		<m:dependency.management__xml-apis__xml-apis__version>2.0.2</m:dependency.management__xml-apis__xml-apis__version>
		<m:properties__slf4j.api.version>1.7.5</m:properties__slf4j.api.version>
		<m:dependency.management__org.apache.directory.api__api-i18n__version>1.0.0-M20</m:dependency.management__org.apache.directory.api__api-i18n__version>
		<m:dependency.management__org.apache.directory.api__api-asn1-api__version>1.0.0-M20</m:dependency.management__org.apache.directory.api__api-asn1-api__version>
		<m:dependency.management__junit__junit__version>4.11</m:dependency.management__junit__junit__version>
		<m:dependency.management__log4j__log4j__version>1.2.17</m:dependency.management__log4j__log4j__version>
		<m:properties__organization.logo>http://www.apache.org/images/asf_logo_wide.gif</m:properties__organization.logo>
		<m:dependency.management__org.ops4j.pax.exam__pax-exam-container-default__scope>test</m:dependency.management__org.ops4j.pax.exam__pax-exam-container-default__scope>
		<m:dependency.management__org.apache.directory.api__api-ldap-extras-sp__version>1.0.0-M20</m:dependency.management__org.apache.directory.api__api-ldap-extras-sp__version>
		<m:dependency.management__org.apache.directory.api__api-ldap-net-mina__version>1.0.0-M20</m:dependency.management__org.apache.directory.api__api-ldap-net-mina__version>
		<m:dependency.management__org.apache.directory.api__api-ldap-codec-standalone__version>1.0.0-M20</m:dependency.management__org.apache.directory.api__api-ldap-codec-standalone__version>
		<m:properties__commons.pool.version>1.6</m:properties__commons.pool.version>
		<m:properties__slf4j.log4j12.version>1.7.5</m:properties__slf4j.log4j12.version>
		<m:dependency.management__commons-io__commons-io__version>2.4</m:dependency.management__commons-io__commons-io__version>
		<m:properties__org.apache.directory.junit.junit-addons.version>0.1</m:properties__org.apache.directory.junit.junit-addons.version>
		<m:properties__org.osgi.core.version>5.0.0</m:properties__org.osgi.core.version>
		<m:dependency.management__org.apache.felix__org.apache.felix.framework__version>4.2.1</m:dependency.management__org.apache.felix__org.apache.felix.framework__version>
		<m:dependency.management__org.ops4j.pax.exam__pax-exam-junit__scope>test</m:dependency.management__org.ops4j.pax.exam__pax-exam-junit__scope>
		<m:properties__xpp3.version>1.1.4c</m:properties__xpp3.version>
		<m:dependency.management__findbugs__annotations__version>1.0.0</m:dependency.management__findbugs__annotations__version>
		<e:sbtTransformHash>63979f299aec09598a8f7c4f172edb0268be4539</e:sbtTransformHash>
		<m:properties__pax-exam-container-default.version>1.2.4</m:properties__pax-exam-container-default.version>
		<m:maven.plugins>org.apache.maven.plugins__maven-remote-resources-plugin__null|org.apache.maven.plugins__maven-remote-resources-plugin__null|org.apache.geronimo.genesis.plugins__tools-maven-plugin__null|org.apache.maven.plugins__maven-site-plugin__null|org.apache.felix__maven-bundle-plugin__null|org.apache.maven.plugins__maven-remote-resources-plugin__null|org.apache.maven.plugins__maven-remote-resources-plugin__null|org.apache.geronimo.genesis.plugins__tools-maven-plugin__null|org.apache.maven.plugins__maven-site-plugin__null|org.apache.felix__maven-bundle-plugin__null|org.apache.maven.plugins__maven-source-plugin__null|org.apache.maven.plugins__maven-site-plugin__null|org.apache.maven.plugins__maven-remote-resources-plugin__null|org.apache.maven.plugins__maven-remote-resources-plugin__null|org.apache.geronimo.genesis.plugins__tools-maven-plugin__null|org.apache.maven.plugins__maven-site-plugin__null|org.apache.felix__maven-bundle-plugin__null|org.apache.maven.plugins__maven-remote-resources-plugin__null|org.apache.maven.plugins__maven-remote-resources-plugin__null|org.apache.geronimo.genesis.plugins__tools-maven-plugin__null|org.apache.maven.plugins__maven-site-plugin__null|org.apache.felix__maven-bundle-plugin__null|org.apache.maven.plugins__maven-source-plugin__null|org.apache.maven.plugins__maven-site-plugin__null|org.apache.felix__maven-bundle-plugin__null</m:maven.plugins>
		<m:dependency.management__commons-lang__commons-lang__version>2.6</m:dependency.management__commons-lang__commons-lang__version>
		<m:properties__org.apache.directory.checkstyle-configuration.version>0.1</m:properties__org.apache.directory.checkstyle-configuration.version>
		<m:dependency.management__org.apache.directory.api__api-ldap-extras-codec__version>1.0.0-M20</m:dependency.management__org.apache.directory.api__api-ldap-extras-codec__version>
		<m:dependency.management__org.osgi__org.osgi.core__version>5.0.0</m:dependency.management__org.osgi__org.osgi.core__version>
		<m:dependency.management__org.apache.directory.api__api-ldap-model__version>1.0.0-M20</m:dependency.management__org.apache.directory.api__api-ldap-model__version>
		<m:dependency.management__org.apache.directory.api__api-all__version>1.0.0-M20</m:dependency.management__org.apache.directory.api__api-all__version>
		<m:dependency.management__org.apache.directory.api__api-ldap-schema-converter__version>1.0.0-M20</m:dependency.management__org.apache.directory.api__api-ldap-schema-converter__version>
		<m:properties__log4j.version>1.2.17</m:properties__log4j.version>
		<m:properties__project.build.sourceEncoding>UTF-8</m:properties__project.build.sourceEncoding>
		<m:properties__pax-exam-junit.version>1.2.4</m:properties__pax-exam-junit.version>
		<m:properties__pax-exam.version>3.1.0</m:properties__pax-exam.version>
		<m:properties__distMgmtSnapshotsName>Apache Development Snapshot Repository</m:properties__distMgmtSnapshotsName>
		<m:properties__mina.core.version>2.0.7</m:properties__mina.core.version>
		<m:dependency.management__org.apache.directory.api__api-ldap-extras-util__version>1.0.0-M20</m:dependency.management__org.apache.directory.api__api-ldap-extras-util__version>
		<m:properties__sourceReleaseAssemblyDescriptor>source-release</m:properties__sourceReleaseAssemblyDescriptor>
		<m:dependency.management__xpp3__xpp3__version>1.1.4c</m:dependency.management__xpp3__xpp3__version>
		<m:properties__org.apache.felix.version>4.2.1</m:properties__org.apache.felix.version>
		<m:properties__commons.collections.version>3.2.1</m:properties__commons.collections.version>
		<m:properties__projectName>ApacheDS-LDAP-API</m:properties__projectName>
		<m:dependency.management__org.apache.directory.api__api-ldap-client-api__version>1.0.0-M20</m:dependency.management__org.apache.directory.api__api-ldap-client-api__version>
		<m:dependency.management__org.apache.mina__mina-core__version>2.0.7</m:dependency.management__org.apache.mina__mina-core__version>
		<m:dependency.management__org.apache.directory.api__api-dsml-engine__version>1.0.0-M20</m:dependency.management__org.apache.directory.api__api-dsml-engine__version>
	</info>
	<configurations>
		<conf name="default" visibility="public" description="runtime dependencies and master artifact can be used with this conf" extends="runtime,master"/>
		<conf name="master" visibility="public" description="contains only the artifact published by this module itself, with no transitive dependencies"/>
		<conf name="compile" visibility="public" description="this is the default scope, used if none is specified. Compile dependencies are available in all classpaths."/>
		<conf name="provided" visibility="public" description="this is much like compile, but indicates you expect the JDK or a container to provide it. It is only available on the compilation classpath, and is not transitive."/>
		<conf name="runtime" visibility="public" description="this scope indicates that the dependency is not required for compilation, but is for execution. It is in the runtime and test classpaths, but not the compile classpath." extends="compile"/>
		<conf name="test" visibility="private" description="this scope indicates that the dependency is not required for normal use of the application, and is only available for the test compilation and execution phases." extends="runtime"/>
		<conf name="system" visibility="public" description="this scope is similar to provided except that you have to provide the JAR which contains it explicitly. The artifact is always available and is not looked up in a repository."/>
		<conf name="sources" visibility="public" description="this configuration contains the source artifact of this module, if any."/>
		<conf name="javadoc" visibility="public" description="this configuration contains the javadoc artifact of this module, if any."/>
		<conf name="optional" visibility="public" description="contains all optional dependencies"/>
	</configurations>
	<publications>
		<artifact name="api-util" type="bundle" ext="jar" conf="master"/>
	</publications>
	<dependencies>
		<dependency org="org.apache.directory.junit" name="junit-addons" rev="0.1" force="true" conf="test->runtime(*),master(compile)"/>
		<dependency org="org.apache.directory.api" name="api-i18n" rev="1.0.0-M20" force="true" conf="compile->compile(*),master(compile);runtime->runtime(*)"/>
		<dependency org="findbugs" name="annotations" rev="1.0.0" force="true" conf="provided->compile(*),provided(*),runtime(*),master(compile)"/>
		<dependency org="org.slf4j" name="slf4j-api" rev="1.7.5" force="true" conf="compile->compile(*),master(compile);runtime->runtime(*)"/>
		<dependency org="org.slf4j" name="slf4j-log4j12" rev="1.7.5" force="true" conf="test->runtime(*),master(compile)"/>
		<dependency org="junit" name="junit" rev="4.11" force="true" conf="test->runtime(*),master(compile)"/>
	</dependencies>
</ivy-module>
