<?xml version="1.0" encoding="UTF-8"?>
<ivy-module version="2.0" xmlns:m="http://ant.apache.org/ivy/maven" xmlns:e="http://ant.apache.org/ivy/extra">
	<info organisation="com.univocity"
		module="univocity-parsers"
		revision="2.7.3"
		status="release"
		publication="20180802012236"
	>
		<license name="Apache 2" url="http://www.apache.org/licenses/LICENSE-2.0.txt" />
		<description homepage="http://github.com/univocity/univocity-parsers">
		univocity&apos;s open source parsers for processing different text formats using a consistent API
		</description>
		<m:properties__project.reporting.outputEncoding>UTF-8</m:properties__project.reporting.outputEncoding>
		<e:sbtTransformHash>277075fc3a12e1b9cd4d0a8b51a72ae59b71d5b4</e:sbtTransformHash>
		<m:properties__project.build.sourceEncoding>UTF-8</m:properties__project.build.sourceEncoding>
		<m:maven.plugins>org.apache.maven.plugins__maven-compiler-plugin__3.1|org.apache.maven.plugins__maven-enforcer-plugin__1.3.1|org.apache.felix__maven-bundle-plugin__2.5.3|org.apache.maven.plugins__maven-jar-plugin__2.5|org.apache.maven.plugins__maven-surefire-plugin__2.17|null__maven-assembly-plugin__2.4|org.sonatype.plugins__nexus-staging-maven-plugin__1.6.2|org.apache.maven.plugins__maven-javadoc-plugin__2.9.1|org.apache.maven.plugins__maven-source-plugin__2.2.1</m:maven.plugins>
	</info>
	<configurations>
		<conf name="default" visibility="public" description="runtime dependencies and master artifact can be used with this conf" extends="runtime,master"/>
		<conf name="master" visibility="public" description="contains only the artifact published by this module itself, with no transitive dependencies"/>
		<conf name="compile" visibility="public" description="this is the default scope, used if none is specified. Compile dependencies are available in all classpaths."/>
		<conf name="provided" visibility="public" description="this is much like compile, but indicates you expect the JDK or a container to provide it. It is only available on the compilation classpath, and is not transitive."/>
		<conf name="runtime" visibility="public" description="this scope indicates that the dependency is not required for compilation, but is for execution. It is in the runtime and test classpaths, but not the compile classpath." extends="compile"/>
		<conf name="test" visibility="private" description="this scope indicates that the dependency is not required for normal use of the application, and is only available for the test compilation and execution phases." extends="runtime"/>
		<conf name="system" visibility="public" description="this scope is similar to provided except that you have to provide the JAR which contains it explicitly. The artifact is always available and is not looked up in a repository."/>
		<conf name="sources" visibility="public" description="this configuration contains the source artifact of this module, if any."/>
		<conf name="javadoc" visibility="public" description="this configuration contains the javadoc artifact of this module, if any."/>
		<conf name="optional" visibility="public" description="contains all optional dependencies"/>
	</configurations>
	<publications>
		<artifact name="univocity-parsers" type="jar" ext="jar" conf="master"/>
	</publications>
	<dependencies>
		<dependency org="org.testng" name="testng" rev="6.8.21" force="true" conf="test->runtime(*),master(compile)"/>
		<dependency org="com.univocity" name="univocity-output-tester" rev="2.1" force="true" conf="test->runtime(*),master(compile)"/>
		<dependency org="org.hsqldb" name="hsqldb" rev="2.3.2" force="true" conf="test->runtime(*),master(compile)"/>
	</dependencies>
</ivy-module>
