<?xml version="1.0" encoding="UTF-8"?>
<ivy-module version="2.0" xmlns:m="http://ant.apache.org/ivy/maven" xmlns:e="http://ant.apache.org/ivy/extra">
	<info organisation="org.apache.xbean"
		module="xbean-asm6-shaded"
		revision="4.8"
		status="release"
		publication="20180415044840"
	>
		<license name="Unknown License" url="http://asm.ow2.org/license.html" />
		<license name="Unknown License" url="http://www.apache.org/licenses/LICENSE-2.0.txt" />
		<description homepage="">
		Repackaged and shaded asm 6.x jars
		</description>
		<m:dependency.management__ant__ant__version>1.6.5</m:dependency.management__ant__ant__version>
		<m:properties__organization.logo>http://www.apache.org/images/asf_logo_wide.gif</m:properties__organization.logo>
		<m:dependency.management__org.apache.xbean__xbean-reflect__version>4.8</m:dependency.management__org.apache.xbean__xbean-reflect__version>
		<m:dependency.management__org.apache.xbean__xbean-classpath__version>4.8</m:dependency.management__org.apache.xbean__xbean-classpath__version>
		<m:dependency.management__org.apache.xbean__xbean-asm-shaded__version>4.8</m:dependency.management__org.apache.xbean__xbean-asm-shaded__version>
		<m:properties__siteId>xbean</m:properties__siteId>
		<m:properties__xbean.osgi.export>org.apache.xbean.asm6.shade.commons;version=${asm.version},
            org.apache.xbean.asm6;version=${asm.version},
            org.apache.xbean.asm6.signature;version=${asm.version},
            org.apache.xbean.asm6.commons;version=${asm.version},
            org.apache.xbean.asm6.tree;version=${asm.version}</m:properties__xbean.osgi.export>
		<m:dependency.management__org.apache.xbean__xbean-naming__version>4.8</m:dependency.management__org.apache.xbean__xbean-naming__version>
		<m:properties__xbean.osgi.import>org.apache.xbean.asm6.shade.commons;version=&quot;[${asm.version},${asm.version}]&quot;,
            org.apache.xbean.asm6;version=&quot;[${asm.version},${asm.version}]&quot;,
            org.apache.xbean.asm6.signature;version=&quot;[${asm.version},${asm.version}]&quot;,
            org.apache.xbean.asm6.commons;version=&quot;[${asm.version},${asm.version}]&quot;,
            org.apache.xbean.asm6.tree;version=&quot;[${asm.version},${asm.version}]&quot;</m:properties__xbean.osgi.import>
		<m:dependency.management__org.codehaus.groovy__groovy-all__version>2.2.0</m:dependency.management__org.codehaus.groovy__groovy-all__version>
		<m:dependency.management__org.springframework__spring-context__version>2.5.6</m:dependency.management__org.springframework__spring-context__version>
		<e:sbtTransformHash>247de3c71f7fa072a62358839cb2895fbbe71948</e:sbtTransformHash>
		<m:dependency.management__org.springframework__spring-beans__version>2.5.6</m:dependency.management__org.springframework__spring-beans__version>
		<m:properties__asm.version>6.1.1</m:properties__asm.version>
		<m:maven.plugins>org.apache.maven.plugins__maven-remote-resources-plugin__null|org.apache.maven.plugins__maven-remote-resources-plugin__null|org.apache.maven.plugins__maven-remote-resources-plugin__null|org.apache.maven.plugins__maven-remote-resources-plugin__null|org.apache.maven.plugins__maven-compiler-plugin__null|org.apache.maven.plugins__maven-enforcer-plugin__null|org.codehaus.mojo__ianal-maven-plugin__null|org.apache.maven.plugins__maven-remote-resources-plugin__null|org.apache.maven.plugins__maven-remote-resources-plugin__null|org.apache.maven.plugins__maven-remote-resources-plugin__null|org.apache.maven.plugins__maven-remote-resources-plugin__null|org.apache.maven.plugins__maven-compiler-plugin__null|org.apache.maven.plugins__maven-enforcer-plugin__null|org.codehaus.mojo__ianal-maven-plugin__null|org.apache.maven.plugins__maven-compiler-plugin__null|org.apache.maven.plugins__maven-enforcer-plugin__null|org.apache.maven.plugins__maven-javadoc-plugin__null|org.apache.maven.plugins__maven-remote-resources-plugin__null|org.apache.maven.plugins__maven-remote-resources-plugin__null|org.apache.maven.plugins__maven-remote-resources-plugin__null|org.apache.maven.plugins__maven-remote-resources-plugin__null|org.apache.maven.plugins__maven-compiler-plugin__null|org.apache.maven.plugins__maven-enforcer-plugin__null|org.codehaus.mojo__ianal-maven-plugin__null|org.apache.maven.plugins__maven-remote-resources-plugin__null|org.apache.maven.plugins__maven-remote-resources-plugin__null|org.apache.maven.plugins__maven-remote-resources-plugin__null|org.apache.maven.plugins__maven-remote-resources-plugin__null|org.apache.maven.plugins__maven-compiler-plugin__null|org.apache.maven.plugins__maven-enforcer-plugin__null|org.codehaus.mojo__ianal-maven-plugin__null|org.apache.maven.plugins__maven-compiler-plugin__null|org.apache.maven.plugins__maven-enforcer-plugin__null|org.apache.maven.plugins__maven-javadoc-plugin__null|org.apache.felix__maven-bundle-plugin__null|org.apache.maven.plugins__maven-source-plugin__null|org.apache.rat__apache-rat-plugin__0.8|org.apache.maven.plugins__maven-remote-resources-plugin__null|org.apache.maven.plugins__maven-remote-resources-plugin__null|org.apache.maven.plugins__maven-remote-resources-plugin__null|org.apache.maven.plugins__maven-remote-resources-plugin__null|org.apache.maven.plugins__maven-compiler-plugin__null|org.apache.maven.plugins__maven-enforcer-plugin__null|org.codehaus.mojo__ianal-maven-plugin__null|org.apache.maven.plugins__maven-remote-resources-plugin__null|org.apache.maven.plugins__maven-remote-resources-plugin__null|org.apache.maven.plugins__maven-remote-resources-plugin__null|org.apache.maven.plugins__maven-remote-resources-plugin__null|org.apache.maven.plugins__maven-compiler-plugin__null|org.apache.maven.plugins__maven-enforcer-plugin__null|org.codehaus.mojo__ianal-maven-plugin__null|org.apache.maven.plugins__maven-compiler-plugin__null|org.apache.maven.plugins__maven-enforcer-plugin__null|org.apache.maven.plugins__maven-javadoc-plugin__null|org.apache.maven.plugins__maven-remote-resources-plugin__null|org.apache.maven.plugins__maven-remote-resources-plugin__null|org.apache.maven.plugins__maven-remote-resources-plugin__null|org.apache.maven.plugins__maven-remote-resources-plugin__null|org.apache.maven.plugins__maven-compiler-plugin__null|org.apache.maven.plugins__maven-enforcer-plugin__null|org.codehaus.mojo__ianal-maven-plugin__null|org.apache.maven.plugins__maven-remote-resources-plugin__null|org.apache.maven.plugins__maven-remote-resources-plugin__null|org.apache.maven.plugins__maven-remote-resources-plugin__null|org.apache.maven.plugins__maven-remote-resources-plugin__null|org.apache.maven.plugins__maven-compiler-plugin__null|org.apache.maven.plugins__maven-enforcer-plugin__null|org.codehaus.mojo__ianal-maven-plugin__null|org.apache.maven.plugins__maven-compiler-plugin__null|org.apache.maven.plugins__maven-enforcer-plugin__null|org.apache.maven.plugins__maven-javadoc-plugin__null|org.apache.felix__maven-bundle-plugin__null|org.apache.maven.plugins__maven-source-plugin__null|org.apache.rat__apache-rat-plugin__0.8|null__maven-shade-plugin__null</m:maven.plugins>
		<m:dependency.management__commons-logging__commons-logging__version>1.0.3</m:dependency.management__commons-logging__commons-logging__version>
		<m:dependency.management__org.slf4j__slf4j-api__version>1.5.11</m:dependency.management__org.slf4j__slf4j-api__version>
		<m:dependency.management__org.apache.xbean__xbean-bundleutils__version>4.8</m:dependency.management__org.apache.xbean__xbean-bundleutils__version>
		<m:properties__distMgmtSnapshotsUrl>https://repository.apache.org/content/repositories/snapshots</m:properties__distMgmtSnapshotsUrl>
		<m:properties__site.deploy.url>scp://people.apache.org:/www/geronimo.apache.org</m:properties__site.deploy.url>
		<m:dependency.management__mx4j__mx4j__version>3.0.1</m:dependency.management__mx4j__mx4j__version>
		<m:dependency.management__org.springframework__spring-web__version>2.5.6</m:dependency.management__org.springframework__spring-web__version>
		<m:properties__gpg.useagent>true</m:properties__gpg.useagent>
		<m:dependency.management__com.thoughtworks.qdox__qdox__version>1.6.3</m:dependency.management__com.thoughtworks.qdox__qdox__version>
		<m:properties__xbean.automatic.module.name>${project.groupId}.asm6.shaded</m:properties__xbean.automatic.module.name>
		<m:properties__project.build.sourceEncoding>UTF-8</m:properties__project.build.sourceEncoding>
		<m:dependency.management__org.apache.xbean__xbean-finder__version>4.8</m:dependency.management__org.apache.xbean__xbean-finder__version>
		<m:dependency.management__org.apache.xbean__xbean-asm-util__version>4.8</m:dependency.management__org.apache.xbean__xbean-asm-util__version>
		<m:dependency.management__org.apache.xbean__xbean-finder-shaded__version>4.8</m:dependency.management__org.apache.xbean__xbean-finder-shaded__version>
		<m:dependency.management__org.apache.xbean__xbean-blueprint__version>4.8</m:dependency.management__org.apache.xbean__xbean-blueprint__version>
		<m:dependency.management__org.apache.xbean__xbean-spring__version>4.8</m:dependency.management__org.apache.xbean__xbean-spring__version>
		<m:dependency.management__org.apache.xbean__xbean-asm6-shaded__version>4.8</m:dependency.management__org.apache.xbean__xbean-asm6-shaded__version>
		<m:properties__distMgmtSnapshotsName>Apache Development Snapshot Repository</m:properties__distMgmtSnapshotsName>
		<m:dependency.management__org.apache.xbean__xbean-telnet__version>4.8</m:dependency.management__org.apache.xbean__xbean-telnet__version>
		<m:dependency.management__commons-beanutils__commons-beanutils__version>1.7.0</m:dependency.management__commons-beanutils__commons-beanutils__version>
		<m:properties__sourceReleaseAssemblyDescriptor>source-release</m:properties__sourceReleaseAssemblyDescriptor>
		<m:dependency.management__cglib__cglib-nodep__version>2.1_2</m:dependency.management__cglib__cglib-nodep__version>
		<m:dependency.management__org.apache.xbean__xbean-classloader__version>4.8</m:dependency.management__org.apache.xbean__xbean-classloader__version>
	</info>
	<configurations>
		<conf name="default" visibility="public" description="runtime dependencies and master artifact can be used with this conf" extends="runtime,master"/>
		<conf name="master" visibility="public" description="contains only the artifact published by this module itself, with no transitive dependencies"/>
		<conf name="compile" visibility="public" description="this is the default scope, used if none is specified. Compile dependencies are available in all classpaths."/>
		<conf name="provided" visibility="public" description="this is much like compile, but indicates you expect the JDK or a container to provide it. It is only available on the compilation classpath, and is not transitive."/>
		<conf name="runtime" visibility="public" description="this scope indicates that the dependency is not required for compilation, but is for execution. It is in the runtime and test classpaths, but not the compile classpath." extends="compile"/>
		<conf name="test" visibility="private" description="this scope indicates that the dependency is not required for normal use of the application, and is only available for the test compilation and execution phases." extends="runtime"/>
		<conf name="system" visibility="public" description="this scope is similar to provided except that you have to provide the JAR which contains it explicitly. The artifact is always available and is not looked up in a repository."/>
		<conf name="sources" visibility="public" description="this configuration contains the source artifact of this module, if any."/>
		<conf name="javadoc" visibility="public" description="this configuration contains the javadoc artifact of this module, if any."/>
		<conf name="optional" visibility="public" description="contains all optional dependencies"/>
	</configurations>
	<publications>
		<artifact name="xbean-asm6-shaded" type="bundle" ext="jar" conf="master"/>
	</publications>
	<dependencies>
		<dependency org="junit" name="junit" rev="4.12" force="true" conf="test->runtime(*),master(compile)">
			<exclude org="org.hamcrest" module="hamcrest-core" name="*" type="*" ext="*" conf="" matcher="exact"/>
		</dependency>
	</dependencies>
</ivy-module>
