<?xml version="1.0" encoding="UTF-8"?>
<ivy-module version="2.0" xmlns:m="http://ant.apache.org/ivy/maven" xmlns:e="http://ant.apache.org/ivy/extra">
	<info organisation="io.airlift"
		module="aircompressor"
		revision="0.10"
		status="release"
		publication="20180427122338"
	>
		<license name="Apache License 2.0" url="http://www.apache.org/licenses/LICENSE-2.0.html" />
		<description homepage="http://github.com/airlift/aircompressor">
		Compression algorithms
		</description>
		<m:properties__project.build.targetJdk>1.8</m:properties__project.build.targetJdk>
		<m:dependency.management__com.github.spotbugs__spotbugs-annotations__version>3.1.0</m:dependency.management__com.github.spotbugs__spotbugs-annotations__version>
		<m:properties__dep.mockito.version>1.9.5</m:properties__dep.mockito.version>
		<m:properties__dep.packaging.version>0.91</m:properties__dep.packaging.version>
		<m:dependency.management__ch.qos.logback__logback-classic__version>1.2.3</m:dependency.management__ch.qos.logback__logback-classic__version>
		<m:properties__dep.assertj-core.version>3.5.2</m:properties__dep.assertj-core.version>
		<m:dependency.management__com.google.inject.extensions__guice-throwingproviders__version>4.0</m:dependency.management__com.google.inject.extensions__guice-throwingproviders__version>
		<m:properties__air.check.fail-checkstyle>true</m:properties__air.check.fail-checkstyle>
		<m:dependency.management__com.google.inject__guice__version>4.0</m:dependency.management__com.google.inject__guice__version>
		<m:dependency.management__org.slf4j__jcl-over-slf4j__version>1.7.25</m:dependency.management__org.slf4j__jcl-over-slf4j__version>
		<m:dependency.management__com.google.inject.extensions__guice-assistedinject__version>4.0</m:dependency.management__com.google.inject.extensions__guice-assistedinject__version>
		<m:dependency.management__com.fasterxml.jackson.dataformat__jackson-dataformat-smile__version>2.8.1</m:dependency.management__com.fasterxml.jackson.dataformat__jackson-dataformat-smile__version>
		<m:dependency.management__com.fasterxml.jackson.datatype__jackson-datatype-jdk8__version>2.8.1</m:dependency.management__com.fasterxml.jackson.datatype__jackson-datatype-jdk8__version>
		<m:properties__air.check.fail-basic>${air.check.fail-all}</m:properties__air.check.fail-basic>
		<m:properties__dep.joda.version>2.9.9</m:properties__dep.joda.version>
		<m:properties__air.check.skip-dependency-version-check>${air.check.skip-basic}</m:properties__air.check.skip-dependency-version-check>
		<m:dependency.management__org.mockito__mockito-core__version>1.9.5</m:dependency.management__org.mockito__mockito-core__version>
		<m:properties__dep.jackson.version>2.8.1</m:properties__dep.jackson.version>
		<m:dependency.management__org.slf4j__slf4j-simple__version>1.7.25</m:dependency.management__org.slf4j__slf4j-simple__version>
		<m:properties__air.test.timezone>UTC</m:properties__air.test.timezone>
		<m:dependency.management__cglib__cglib-nodep__version>3.2.5</m:dependency.management__cglib__cglib-nodep__version>
		<m:properties__air.check.skip-duplicate-finder>${air.check.skip-basic}</m:properties__air.check.skip-duplicate-finder>
		<m:dependency.management__org.apache.bval__bval-jsr__version>1.1.1</m:dependency.management__org.apache.bval__bval-jsr__version>
		<m:properties__air.check.skip-dependency>${air.check.skip-basic}</m:properties__air.check.skip-dependency>
		<m:properties__dep.testng.version>6.9.6</m:properties__dep.testng.version>
		<m:dependency.management__com.fasterxml.jackson.datatype__jackson-datatype-joda__version>2.8.1</m:dependency.management__com.fasterxml.jackson.datatype__jackson-datatype-joda__version>
		<m:properties__air.build.jvmsize>1024m</m:properties__air.build.jvmsize>
		<m:properties__air.check.fail-extended>${air.check.fail-all}</m:properties__air.check.fail-extended>
		<m:dependency.management__org.slf4j__slf4j-ext__version>1.7.25</m:dependency.management__org.slf4j__slf4j-ext__version>
		<m:dependency.management__org.assertj__assertj-joda-time__version>2.0.0</m:dependency.management__org.assertj__assertj-joda-time__version>
		<m:dependency.management__org.slf4j__slf4j-nop__version>1.7.25</m:dependency.management__org.slf4j__slf4j-nop__version>
		<m:properties__dep.jmh.version>1.15</m:properties__dep.jmh.version>
		<m:properties__dep.javax-validation.version>1.1.0.Final</m:properties__dep.javax-validation.version>
		<m:properties__air.check.fail-duplicate-finder>${air.check.fail-basic}</m:properties__air.check.fail-duplicate-finder>
		<m:properties__air.license.default-value>Copyright (C) ${project.inceptionYear} ${air.license.owner}</m:properties__air.license.default-value>
		<m:properties__dep.guava.version>21.0</m:properties__dep.guava.version>
		<m:dependency.management__org.assertj__assertj-core__version>3.5.2</m:dependency.management__org.assertj__assertj-core__version>
		<m:properties__air.license.ensure-match>Copyright \(C\) \d{4} .+</m:properties__air.license.ensure-match>
		<m:properties__air.check.skip-dependency-scope>${air.check.skip-basic}</m:properties__air.check.skip-dependency-scope>
		<e:sbtTransformHash>d22b495db5be2fa491cc7063797e7bcb468c8314</e:sbtTransformHash>
		<m:properties__air.javadoc.lint>all</m:properties__air.javadoc.lint>
		<m:dependency.management__org.slf4j__jul-to-slf4j__version>1.7.25</m:dependency.management__org.slf4j__jul-to-slf4j__version>
		<m:properties__air.check.fail-spotbugs>${air.check.fail-extended}</m:properties__air.check.fail-spotbugs>
		<m:maven.plugins>org.apache.maven.plugins__maven-compiler-plugin__null|org.apache.maven.plugins__maven-resources-plugin__null|org.apache.maven.plugins__maven-jar-plugin__null|org.apache.maven.plugins__maven-source-plugin__null|org.apache.maven.plugins__maven-assembly-plugin__null|org.apache.maven.plugins__maven-surefire-plugin__null|org.apache.maven.plugins__maven-release-plugin__null|org.apache.maven.plugins__maven-enforcer-plugin__null|org.apache.maven.plugins__maven-dependency-plugin__null|com.ning.maven.plugins__maven-dependency-versions-check-plugin__null|org.basepom.maven__duplicate-finder-maven-plugin__null|com.github.spotbugs__spotbugs-maven-plugin__null|com.hubspot.maven.plugins__dependency-scope-maven-plugin__null|org.apache.maven.plugins__maven-pmd-plugin__null|com.mycila__license-maven-plugin__null|org.jacoco__jacoco-maven-plugin__null|org.gaul__modernizer-maven-plugin__null|pl.project13.maven__git-commit-id-plugin__null|org.apache.maven.plugins__maven-compiler-plugin__null|org.apache.maven.plugins__maven-resources-plugin__null|org.apache.maven.plugins__maven-jar-plugin__null|org.apache.maven.plugins__maven-source-plugin__null|org.apache.maven.plugins__maven-assembly-plugin__null|org.apache.maven.plugins__maven-surefire-plugin__null|org.apache.maven.plugins__maven-release-plugin__null|org.apache.maven.plugins__maven-enforcer-plugin__null|org.apache.maven.plugins__maven-dependency-plugin__null|com.ning.maven.plugins__maven-dependency-versions-check-plugin__null|org.basepom.maven__duplicate-finder-maven-plugin__null|com.github.spotbugs__spotbugs-maven-plugin__null|com.hubspot.maven.plugins__dependency-scope-maven-plugin__null|org.apache.maven.plugins__maven-pmd-plugin__null|com.mycila__license-maven-plugin__null|org.jacoco__jacoco-maven-plugin__null|org.gaul__modernizer-maven-plugin__null|pl.project13.maven__git-commit-id-plugin__null|org.apache.maven.plugins__maven-checkstyle-plugin__2.17</m:maven.plugins>
		<m:properties__dep.spotbugs-annotations.version>3.1.0</m:properties__dep.spotbugs-annotations.version>
		<m:properties__air.license.owner>${project.organization.name}</m:properties__air.license.owner>
		<m:properties__air.check.skip-modernizer>${air.check.skip-extended}</m:properties__air.check.skip-modernizer>
		<m:dependency.management__com.fasterxml.jackson.module__jackson-module-parameter-names__version>2.8.1</m:dependency.management__com.fasterxml.jackson.module__jackson-module-parameter-names__version>
		<m:properties__dep.plugin.scm.version>1.8.1</m:properties__dep.plugin.scm.version>
		<m:properties__air.main.basedir>${project.basedir}</m:properties__air.main.basedir>
		<m:properties__dep.jmxutils.version>1.19</m:properties__dep.jmxutils.version>
		<m:dependency.management__com.google.guava__guava__version>21.0</m:dependency.management__com.google.guava__guava__version>
		<m:dependency.management__org.assertj__assertj-guava__version>3.1.0</m:dependency.management__org.assertj__assertj-guava__version>
		<m:dependency.management__com.google.inject.extensions__guice-multibindings__version>4.0</m:dependency.management__com.google.inject.extensions__guice-multibindings__version>
		<m:dependency.management__javax.ws.rs__javax.ws.rs-api__version>2.1</m:dependency.management__javax.ws.rs__javax.ws.rs-api__version>
		<m:dependency.management__org.hamcrest__hamcrest-library__version>1.3</m:dependency.management__org.hamcrest__hamcrest-library__version>
		<m:properties__air.java.version>${project.build.targetJdk}</m:properties__air.java.version>
		<m:properties__air.check.fail-all>true</m:properties__air.check.fail-all>
		<m:dependency.management__ch.qos.logback__logback-core__version>1.2.3</m:dependency.management__ch.qos.logback__logback-core__version>
		<m:properties__dep.objenesis.version>1.3</m:properties__dep.objenesis.version>
		<m:properties__dep.logback.version>1.2.3</m:properties__dep.logback.version>
		<m:dependency.management__javax.servlet__javax.servlet-api__version>3.1.0</m:dependency.management__javax.servlet__javax.servlet-api__version>
		<m:properties__air.check.skip-enforcer>${air.check.skip-basic}</m:properties__air.check.skip-enforcer>
		<m:dependency.management__org.slf4j__slf4j-jdk14__version>1.7.25</m:dependency.management__org.slf4j__slf4j-jdk14__version>
		<m:dependency.management__org.assertj__assertj-db__version>1.1.1</m:dependency.management__org.assertj__assertj-db__version>
		<m:properties__air.check.skip-pmd>${air.check.skip-extended}</m:properties__air.check.skip-pmd>
		<m:properties__air.check.skip-checkstyle>false</m:properties__air.check.skip-checkstyle>
		<m:properties__air.check.skip-license>false</m:properties__air.check.skip-license>
		<m:properties__air.check.skip-basic>${air.check.skip-all}</m:properties__air.check.skip-basic>
		<m:dependency.management__org.objenesis__objenesis__version>1.3</m:dependency.management__org.objenesis__objenesis__version>
		<m:properties__air.check.skip-jacoco>${air.check.skip-extended}</m:properties__air.check.skip-jacoco>
		<m:dependency.management__io.airlift__slice__version>0.10</m:dependency.management__io.airlift__slice__version>
		<m:properties__dep.javax-inject.version>1</m:properties__dep.javax-inject.version>
		<m:properties__air.maven.version>3.2.3</m:properties__air.maven.version>
		<m:dependency.management__org.slf4j__slf4j-api__version>1.7.25</m:dependency.management__org.slf4j__slf4j-api__version>
		<m:dependency.management__org.apache.commons__commons-lang3__version>3.4</m:dependency.management__org.apache.commons__commons-lang3__version>
		<m:properties__air.check.fail-dependency>${air.check.fail-basic}</m:properties__air.check.fail-dependency>
		<m:properties__dep.guice.version>4.0</m:properties__dep.guice.version>
		<m:properties__air.test.parallel>methods</m:properties__air.test.parallel>
		<m:dependency.management__javax.annotation__javax.annotation-api__version>1.3.1</m:dependency.management__javax.annotation__javax.annotation-api__version>
		<m:dependency.management__org.testng__testng__version>6.9.6</m:dependency.management__org.testng__testng__version>
		<m:dependency.management__javax.inject__javax.inject__version>1</m:dependency.management__javax.inject__javax.inject__version>
		<m:properties__dep.slice.version>0.10</m:properties__dep.slice.version>
		<m:properties__dep.cglib.version>3.2.5</m:properties__dep.cglib.version>
		<m:dependency.management__com.fasterxml.jackson.core__jackson-annotations__version>2.8.1</m:dependency.management__com.fasterxml.jackson.core__jackson-annotations__version>
		<m:properties__air.check.fail-dependency-scope>${air.check.fail-basic}</m:properties__air.check.fail-dependency-scope>
		<m:dependency.management__com.fasterxml.jackson.core__jackson-core__version>2.8.1</m:dependency.management__com.fasterxml.jackson.core__jackson-core__version>
		<m:dependency.management__com.fasterxml.jackson.core__jackson-databind__version>2.8.1</m:dependency.management__com.fasterxml.jackson.core__jackson-databind__version>
		<m:dependency.management__org.apache.bval__bval-jsr__exclusion_0>junit__junit</m:dependency.management__org.apache.bval__bval-jsr__exclusion_0>
		<m:dependency.management__org.apache.bval__bval-jsr__exclusion_1>commons-logging__commons-logging</m:dependency.management__org.apache.bval__bval-jsr__exclusion_1>
		<m:properties__dep.assertj-db.version>1.1.1</m:properties__dep.assertj-db.version>
		<m:dependency.management__org.openjdk.jmh__jmh-generator-annprocess__version>1.15</m:dependency.management__org.openjdk.jmh__jmh-generator-annprocess__version>
		<m:dependency.management__org.testng__testng__exclusion_0>junit__junit</m:dependency.management__org.testng__testng__exclusion_0>
		<m:dependency.management__org.testng__testng__exclusion_1>com.google.inject__guice</m:dependency.management__org.testng__testng__exclusion_1>
		<m:properties__dep.assertj-joda-time.version>2.0.0</m:properties__dep.assertj-joda-time.version>
		<m:properties__air.check.skip-extended>true</m:properties__air.check.skip-extended>
		<m:properties__air.check.fail-modernizer>${air.check.fail-extended}</m:properties__air.check.fail-modernizer>
		<m:dependency.management__org.slf4j__log4j-over-slf4j__version>1.7.25</m:dependency.management__org.slf4j__log4j-over-slf4j__version>
		<m:dependency.management__com.google.inject.extensions__guice-servlet__version>4.0</m:dependency.management__com.google.inject.extensions__guice-servlet__version>
		<m:properties__dep.javax-servlet.version>3.1.0</m:properties__dep.javax-servlet.version>
		<m:properties__air.check.skip-spotbugs>${air.check.skip-extended}</m:properties__air.check.skip-spotbugs>
		<m:dependency.management__com.fasterxml.jackson.datatype__jackson-datatype-guava__version>2.8.1</m:dependency.management__com.fasterxml.jackson.datatype__jackson-datatype-guava__version>
		<m:properties__dep.hamcrest.version>1.3</m:properties__dep.hamcrest.version>
		<m:properties__air.test.jvmsize>2G</m:properties__air.test.jvmsize>
		<m:dependency.management__org.openjdk.jmh__jmh-core__version>1.15</m:dependency.management__org.openjdk.jmh__jmh-core__version>
		<m:properties__air.check.skip-all>false</m:properties__air.check.skip-all>
		<m:dependency.management__com.fasterxml.jackson.datatype__jackson-datatype-jsr310__version>2.8.1</m:dependency.management__com.fasterxml.jackson.datatype__jackson-datatype-jsr310__version>
		<m:properties__air.check.fail-license>${air.check.fail-extended}</m:properties__air.check.fail-license>
		<m:properties__project.build.sourceEncoding>UTF-8</m:properties__project.build.sourceEncoding>
		<m:dependency.management__org.hamcrest__hamcrest-core__version>1.3</m:dependency.management__org.hamcrest__hamcrest-core__version>
		<m:properties__project.report.inputEncoding>UTF-8</m:properties__project.report.inputEncoding>
		<m:properties__dep.assertj-guava.version>3.1.0</m:properties__dep.assertj-guava.version>
		<m:properties__air.check.fail-pmd>${air.check.fail-extended}</m:properties__air.check.fail-pmd>
		<m:properties__air.release.push-changes>false</m:properties__air.release.push-changes>
		<m:properties__air.test.thread-count>4</m:properties__air.test.thread-count>
		<m:dependency.management__org.weakref__jmxutils__version>1.19</m:dependency.management__org.weakref__jmxutils__version>
		<m:properties__air.check.fail-dependency-version-check>${air.check.fail-basic}</m:properties__air.check.fail-dependency-version-check>
		<m:properties__air.check.fail-enforcer>${air.check.fail-basic}</m:properties__air.check.fail-enforcer>
		<m:dependency.management__javax.validation__validation-api__version>1.1.0.Final</m:dependency.management__javax.validation__validation-api__version>
		<m:properties__dep.slf4j.version>1.7.25</m:properties__dep.slf4j.version>
		<m:dependency.management__joda-time__joda-time__version>2.9.9</m:dependency.management__joda-time__joda-time__version>
		<m:dependency.management__com.google.code.findbugs__jsr305__version>3.0.2</m:dependency.management__com.google.code.findbugs__jsr305__version>
		<m:properties__project.report.outputEncoding>UTF-8</m:properties__project.report.outputEncoding>
	</info>
	<configurations>
		<conf name="default" visibility="public" description="runtime dependencies and master artifact can be used with this conf" extends="runtime,master"/>
		<conf name="master" visibility="public" description="contains only the artifact published by this module itself, with no transitive dependencies"/>
		<conf name="compile" visibility="public" description="this is the default scope, used if none is specified. Compile dependencies are available in all classpaths."/>
		<conf name="provided" visibility="public" description="this is much like compile, but indicates you expect the JDK or a container to provide it. It is only available on the compilation classpath, and is not transitive."/>
		<conf name="runtime" visibility="public" description="this scope indicates that the dependency is not required for compilation, but is for execution. It is in the runtime and test classpaths, but not the compile classpath." extends="compile"/>
		<conf name="test" visibility="private" description="this scope indicates that the dependency is not required for normal use of the application, and is only available for the test compilation and execution phases." extends="runtime"/>
		<conf name="system" visibility="public" description="this scope is similar to provided except that you have to provide the JAR which contains it explicitly. The artifact is always available and is not looked up in a repository."/>
		<conf name="sources" visibility="public" description="this configuration contains the source artifact of this module, if any."/>
		<conf name="javadoc" visibility="public" description="this configuration contains the javadoc artifact of this module, if any."/>
		<conf name="optional" visibility="public" description="contains all optional dependencies"/>
	</configurations>
	<publications>
		<artifact name="aircompressor" type="jar" ext="jar" conf="master"/>
	</publications>
	<dependencies>
		<dependency org="io.airlift" name="slice" rev="0.32" force="true" conf="compile->compile(*),master(compile);runtime->runtime(*)"/>
		<dependency org="com.google.guava" name="guava" rev="21.0" force="true" conf="test->runtime(*),master(compile)"/>
		<dependency org="org.xerial.snappy" name="snappy-java" rev="1.1.1.7" force="true" conf="test->runtime(*),master(compile)"/>
		<dependency org="org.testng" name="testng" rev="6.9.6" force="true" conf="test->runtime(*),master(compile)">
			<exclude org="junit" module="junit" name="*" type="*" ext="*" conf="" matcher="exact"/>
			<exclude org="com.google.inject" module="guice" name="*" type="*" ext="*" conf="" matcher="exact"/>
		</dependency>
		<dependency org="com.google.inject" name="guice" rev="4.0" force="true" conf="test->runtime(*),master(compile)"/>
		<dependency org="javax.inject" name="javax.inject" rev="1" force="true" conf="test->runtime(*),master(compile)"/>
		<dependency org="org.openjdk.jmh" name="jmh-core" rev="1.15" force="true" conf="test->runtime(*),master(compile)"/>
		<dependency org="org.openjdk.jmh" name="jmh-generator-annprocess" rev="1.15" force="true" conf="test->runtime(*),master(compile)"/>
		<dependency org="net.jpountz.lz4" name="lz4" rev="1.3.0" force="true" conf="test->runtime(*),master(compile)"/>
		<dependency org="com.github.luben" name="zstd-jni" rev="1.1.3" force="true" conf="test->runtime(*),master(compile)"/>
		<dependency org="org.anarres.lzo" name="lzo-hadoop" rev="1.0.5" force="true" conf="test->runtime(*),master(compile)">
			<exclude org="org.apache.hadoop" module="hadoop-core" name="*" type="*" ext="*" conf="" matcher="exact"/>
			<exclude org="com.google.code.findbugs" module="jsr305" name="*" type="*" ext="*" conf="" matcher="exact"/>
			<exclude org="com.google.code.findbugs" module="annotations" name="*" type="*" ext="*" conf="" matcher="exact"/>
		</dependency>
		<dependency org="com.facebook.presto.hadoop" name="hadoop-apache2" rev="0.3" force="true" conf="provided->compile(*),provided(*),runtime(*),master(compile)"/>
		<dependency org="org.iq80.snappy" name="snappy" rev="0.4" force="true" conf="test->runtime(*),master(compile)"/>
	</dependencies>
</ivy-module>
