<?xml version="1.0" encoding="UTF-8"?>
<ivy-module version="2.0" xmlns:m="http://ant.apache.org/ivy/maven" xmlns:e="http://ant.apache.org/ivy/extra">
	<info organisation="org.apache.commons"
		module="commons-math3"
		revision="3.4.1"
		status="release"
		publication="20150108112810"
	>
		<license name="The Apache Software License, Version 2.0" url="http://www.apache.org/licenses/LICENSE-2.0.txt" />
		<description homepage="http://commons.apache.org/proper/commons-math/">
		The Apache Commons Math project is a library of lightweight, self-contained mathematics and statistics components addressing the most common practical problems not immediately available in the Java programming language or commons-lang.
		</description>
		<m:properties__commons.release.3.name>${project.artifactId}-${commons.release.3.version}</m:properties__commons.release.3.name>
		<m:properties__math.clirr.version>2.6.1</m:properties__math.clirr.version>
		<m:properties__implementation.build>${git.revision}; ${maven.build.timestamp}</m:properties__implementation.build>
		<m:properties__commons.rat.version>0.10</m:properties__commons.rat.version>
		<m:properties__commons.surefire-report.aggregate>false</m:properties__commons.surefire-report.aggregate>
		<m:properties__commons.binary.suffix>-bin</m:properties__commons.binary.suffix>
		<m:properties__commons.wagon-ssh.version>2.3</m:properties__commons.wagon-ssh.version>
		<m:properties__commons.jacoco.methodRatio>0.8</m:properties__commons.jacoco.methodRatio>
		<m:properties__commons.scmPubServer>commons.site</m:properties__commons.scmPubServer>
		<m:properties__commons.encoding>UTF-8</m:properties__commons.encoding>
		<m:properties__project.reporting.outputEncoding>${commons.encoding}</m:properties__project.reporting.outputEncoding>
		<m:properties__commons.jacoco.version>0.7.0.201403182114</m:properties__commons.jacoco.version>
		<m:properties__commons.jxr.version>2.4</m:properties__commons.jxr.version>
		<m:properties__distMgmtSnapshotsUrl>https://repository.apache.org/content/repositories/snapshots</m:properties__distMgmtSnapshotsUrl>
		<m:properties__commons.jacoco.instructionRatio>0.8</m:properties__commons.jacoco.instructionRatio>
		<m:properties__gpg.useagent>true</m:properties__gpg.useagent>
		<m:properties__math.jgit.buildnumber.version>1.2.8</m:properties__math.jgit.buildnumber.version>
		<m:properties__commons.osgi.export>org.apache.commons.*;version=${project.version};-noimport:=true</m:properties__commons.osgi.export>
		<m:properties__commons.release.version>3.4.1</m:properties__commons.release.version>
		<m:properties__commons.site.cache>${user.home}/commons-sites</m:properties__commons.site.cache>
		<m:properties__math.pmd.version>2.7.1</m:properties__math.pmd.version>
		<m:properties__commons.cobertura.version>2.6</m:properties__commons.cobertura.version>
		<m:properties__commons.manifestfile>${project.build.directory}/osgi/MANIFEST.MF</m:properties__commons.manifestfile>
		<m:properties__commons.jdepend.version>2.0-beta-2</m:properties__commons.jdepend.version>
		<m:properties__commons.osgi.symbolicName>org.apache.commons.math3</m:properties__commons.osgi.symbolicName>
		<m:properties__commons.javadoc.java.link>http://docs.oracle.com/javase/6/docs/api/</m:properties__commons.javadoc.java.link>
		<m:properties__commons.rc.version>RC1</m:properties__commons.rc.version>
		<m:properties__commons.release.2.version>2.2</m:properties__commons.release.2.version>
		<m:properties__buildnumber.skip>true</m:properties__buildnumber.skip>
		<m:properties__commons.scmPubUrl>https://svn.apache.org/repos/infra/websites/production/commons/content/proper/commons-math</m:properties__commons.scmPubUrl>
		<m:properties__commons.docEncoding>${commons.encoding}</m:properties__commons.docEncoding>
		<m:properties__commons.release.desc>(requires Java 1.5+)</m:properties__commons.release.desc>
		<m:properties__organization.logo>http://www.apache.org/images/asf_logo_wide.gif</m:properties__organization.logo>
		<m:properties__maven.build.timestamp.format>yyyy-MM-dd HH:mm:ssZ</m:properties__maven.build.timestamp.format>
		<m:properties__commons.compiler.fork>false</m:properties__commons.compiler.fork>
		<m:properties__commons.jacoco.complexityRatio>0.8</m:properties__commons.jacoco.complexityRatio>
		<m:properties__commons.jira.pid>12310485</m:properties__commons.jira.pid>
		<m:properties__minSeverity>info</m:properties__minSeverity>
		<m:properties__commons.jacoco.haltOnFailure>false</m:properties__commons.jacoco.haltOnFailure>
		<m:properties__commons.clirr.version>2.6.1</m:properties__commons.clirr.version>
		<m:properties__math.findbugs.version>2.5.1</m:properties__math.findbugs.version>
		<m:properties__commons.release.3.binary.suffix>-bin</m:properties__commons.release.3.binary.suffix>
		<e:sbtTransformHash>0c67286827c0fdfffacb3e4c3dcfe9705f665328</e:sbtTransformHash>
		<m:properties__maven.compiler.target>1.5</m:properties__maven.compiler.target>
		<m:properties__commons.compiler.version>3.1</m:properties__commons.compiler.version>
		<m:maven.plugins>org.apache.maven.plugins__maven-remote-resources-plugin__null|org.apache.maven.plugins__maven-remote-resources-plugin__null|null__maven-assembly-plugin__null|org.apache.maven.plugins__maven-antrun-plugin__null|org.apache.maven.plugins__maven-compiler-plugin__null|org.apache.maven.plugins__maven-enforcer-plugin__1.3.1|org.apache.maven.plugins__maven-jar-plugin__null|org.apache.maven.plugins__maven-surefire-plugin__null|org.apache.commons__commons-build-plugin__null|org.apache.felix__maven-bundle-plugin__null|org.apache.rat__apache-rat-plugin__0.10|org.apache.maven.plugins__maven-scm-publish-plugin__1.0|org.apache.maven.plugins__maven-remote-resources-plugin__null|org.apache.maven.plugins__maven-remote-resources-plugin__null|null__maven-assembly-plugin__null|org.apache.maven.plugins__maven-antrun-plugin__null|org.apache.maven.plugins__maven-compiler-plugin__null|org.apache.maven.plugins__maven-enforcer-plugin__1.3.1|org.apache.maven.plugins__maven-jar-plugin__null|org.apache.maven.plugins__maven-surefire-plugin__null|org.apache.commons__commons-build-plugin__null|org.apache.felix__maven-bundle-plugin__null|org.apache.rat__apache-rat-plugin__0.10|org.apache.maven.plugins__maven-scm-publish-plugin__1.0|org.apache.maven.plugins__maven-surefire-plugin__null|null__maven-assembly-plugin__null|org.codehaus.mojo__clirr-maven-plugin__2.6.1|null__maven-pmd-plugin__2.7.1|org.apache.maven.plugins__maven-scm-publish-plugin__null|null__maven-antrun-plugin__null|org.codehaus.mojo__build-helper-maven-plugin__1.7|org.apache.maven.plugins__maven-javadoc-plugin__null|ru.concerteza.buildnumber__maven-jgit-buildnumber-plugin__1.2.8</m:maven.plugins>
		<m:properties__commons.jira.id>MATH</m:properties__commons.jira.id>
		<m:properties__commons.jacoco.branchRatio>0.8</m:properties__commons.jacoco.branchRatio>
		<m:properties__commons.release.2.desc>(requires Java 1.5+)</m:properties__commons.release.2.desc>
		<m:properties__commons.javadoc.javaee.link>http://docs.oracle.com/javaee/6/api/</m:properties__commons.javadoc.javaee.link>
		<m:properties__commons.javadoc.version>2.9.1</m:properties__commons.javadoc.version>
		<m:properties__commons.jacoco.classRatio>0.96</m:properties__commons.jacoco.classRatio>
		<m:properties__commons.release.2.name>commons-math-${commons.release.2.version}</m:properties__commons.release.2.name>
		<m:properties__commons.scm-publish.version>1.0</m:properties__commons.scm-publish.version>
		<m:properties__project.build.sourceEncoding>${commons.encoding}</m:properties__project.build.sourceEncoding>
		<m:properties__commons.changes.version>2.9</m:properties__commons.changes.version>
		<m:properties__commons.deployment.protocol>scp</m:properties__commons.deployment.protocol>
		<m:properties__commons.componentid>math</m:properties__commons.componentid>
		<m:properties__commons.scmPubCheckoutDirectory>site-content</m:properties__commons.scmPubCheckoutDirectory>
		<m:properties__commons.jacoco.lineRatio>0.85</m:properties__commons.jacoco.lineRatio>
		<m:properties__commons.project-info.version>2.7</m:properties__commons.project-info.version>
		<m:properties__commons.site-plugin.version>3.3</m:properties__commons.site-plugin.version>
		<m:properties__distMgmtSnapshotsName>Apache Development Snapshot Repository</m:properties__distMgmtSnapshotsName>
		<m:properties__commons.osgi.import>*</m:properties__commons.osgi.import>
		<m:properties__sourceReleaseAssemblyDescriptor>source-release</m:properties__sourceReleaseAssemblyDescriptor>
		<m:properties__commons.release.name>${project.artifactId}-${commons.release.version}</m:properties__commons.release.name>
		<m:properties__commons.site.path>math</m:properties__commons.site.path>
		<m:properties__commons.surefire-report.version>2.17</m:properties__commons.surefire-report.version>
		<m:properties__math.checkstyle.version>2.9.1</m:properties__math.checkstyle.version>
		<m:properties__commons.surefire.version>2.17</m:properties__commons.surefire.version>
		<m:properties__sonar.host.url>https://analysis.apache.org/</m:properties__sonar.host.url>
		<m:properties__maven.compiler.source>1.5</m:properties__maven.compiler.source>
	</info>
	<configurations>
		<conf name="default" visibility="public" description="runtime dependencies and master artifact can be used with this conf" extends="runtime,master"/>
		<conf name="master" visibility="public" description="contains only the artifact published by this module itself, with no transitive dependencies"/>
		<conf name="compile" visibility="public" description="this is the default scope, used if none is specified. Compile dependencies are available in all classpaths."/>
		<conf name="provided" visibility="public" description="this is much like compile, but indicates you expect the JDK or a container to provide it. It is only available on the compilation classpath, and is not transitive."/>
		<conf name="runtime" visibility="public" description="this scope indicates that the dependency is not required for compilation, but is for execution. It is in the runtime and test classpaths, but not the compile classpath." extends="compile"/>
		<conf name="test" visibility="private" description="this scope indicates that the dependency is not required for normal use of the application, and is only available for the test compilation and execution phases." extends="runtime"/>
		<conf name="system" visibility="public" description="this scope is similar to provided except that you have to provide the JAR which contains it explicitly. The artifact is always available and is not looked up in a repository."/>
		<conf name="sources" visibility="public" description="this configuration contains the source artifact of this module, if any."/>
		<conf name="javadoc" visibility="public" description="this configuration contains the javadoc artifact of this module, if any."/>
		<conf name="optional" visibility="public" description="contains all optional dependencies"/>
	</configurations>
	<publications>
		<artifact name="commons-math3" type="jar" ext="jar" conf="master"/>
	</publications>
	<dependencies>
		<dependency org="junit" name="junit" rev="4.11" force="true" conf="test->runtime(*),master(compile)"/>
	</dependencies>
</ivy-module>
