<?xml version="1.0" encoding="UTF-8"?>
<ivy-module version="2.0" xmlns:m="http://ant.apache.org/ivy/maven" xmlns:e="http://ant.apache.org/ivy/extra">
	<info organisation="org.codehaus.janino"
		module="janino"
		revision="3.0.9"
		status="release"
		publication="20180823021727"
	>
		<license name="New BSD License" url="https://raw.githubusercontent.com/janino-compiler/janino/master/LICENSE" />
		<description homepage="">
		The &quot;JANINO&quot; implementation of the &quot;commons-compiler&quot; API: Super-small, super-fast, independent from the JDK&apos;s &quot;tools.jar&quot;.
		</description>
		<m:dependency.management__junit__junit__version>4.12</m:dependency.management__junit__junit__version>
		<e:sbtTransformHash>3255e49a8d8e11e5b65e3a0271a42ef8ed54d88d</e:sbtTransformHash>
		<m:properties__project.build.sourceEncoding>UTF-8</m:properties__project.build.sourceEncoding>
		<m:maven.plugins>org.apache.maven.plugins__maven-surefire-plugin__2.19.1|null__maven-jar-plugin__3.0.2|org.apache.felix__maven-bundle-plugin__2.5.4|org.apache.maven.plugins__maven-jarsigner-plugin__1.4|org.apache.maven.plugins__maven-javadoc-plugin__2.10.4|org.apache.maven.plugins__maven-source-plugin__2.4|org.apache.maven.plugins__maven-compiler-plugin__2.3|org.sonatype.plugins__nexus-staging-maven-plugin__1.6.7|org.apache.maven.plugins__maven-surefire-plugin__2.19.1|null__maven-jar-plugin__3.0.2|org.apache.felix__maven-bundle-plugin__2.5.4|org.apache.maven.plugins__maven-jarsigner-plugin__1.4|org.apache.maven.plugins__maven-javadoc-plugin__2.10.4|org.apache.maven.plugins__maven-source-plugin__2.4|org.apache.maven.plugins__maven-compiler-plugin__2.3|org.sonatype.plugins__nexus-staging-maven-plugin__1.6.7|org.apache.maven.plugins__maven-surefire-plugin__null|org.apache.felix__maven-bundle-plugin__null</m:maven.plugins>
	</info>
	<configurations>
		<conf name="default" visibility="public" description="runtime dependencies and master artifact can be used with this conf" extends="runtime,master"/>
		<conf name="master" visibility="public" description="contains only the artifact published by this module itself, with no transitive dependencies"/>
		<conf name="compile" visibility="public" description="this is the default scope, used if none is specified. Compile dependencies are available in all classpaths."/>
		<conf name="provided" visibility="public" description="this is much like compile, but indicates you expect the JDK or a container to provide it. It is only available on the compilation classpath, and is not transitive."/>
		<conf name="runtime" visibility="public" description="this scope indicates that the dependency is not required for compilation, but is for execution. It is in the runtime and test classpaths, but not the compile classpath." extends="compile"/>
		<conf name="test" visibility="private" description="this scope indicates that the dependency is not required for normal use of the application, and is only available for the test compilation and execution phases." extends="runtime"/>
		<conf name="system" visibility="public" description="this scope is similar to provided except that you have to provide the JAR which contains it explicitly. The artifact is always available and is not looked up in a repository."/>
		<conf name="sources" visibility="public" description="this configuration contains the source artifact of this module, if any."/>
		<conf name="javadoc" visibility="public" description="this configuration contains the javadoc artifact of this module, if any."/>
		<conf name="optional" visibility="public" description="contains all optional dependencies"/>
	</configurations>
	<publications>
		<artifact name="janino" type="jar" ext="jar" conf="master"/>
	</publications>
	<dependencies>
		<dependency org="junit" name="junit" rev="4.12" force="true" conf="test->runtime(*),master(compile)"/>
		<dependency org="org.codehaus.janino" name="commons-compiler" rev="3.0.9" force="true" conf="compile->compile(*),master(compile);runtime->runtime(*)"/>
		<dependency org="org.apache.ant" name="ant" rev="1.7.1" force="true" conf="provided->compile(*),provided(*),runtime(*),master(compile)"/>
	</dependencies>
</ivy-module>
