<?xml version="1.0" encoding="UTF-8"?>
<ivy-module version="2.0" xmlns:m="http://ant.apache.org/ivy/maven" xmlns:e="http://ant.apache.org/ivy/extra">
	<info organisation="org.scala-lang.modules"
		module="scala-xml_2.11"
		revision="1.0.6"
		status="release"
		publication="20160920042614"
	>
		<license name="BSD 3-clause" url="http://opensource.org/licenses/BSD-3-Clause" />
		<description homepage="http://www.scala-lang.org/">
		scala-xml
		</description>
		<e:sbtTransformHash>2e6bb7f4eee636d077574c19823aea331f802fe1</e:sbtTransformHash>
	</info>
	<configurations>
		<conf name="default" visibility="public" description="runtime dependencies and master artifact can be used with this conf" extends="runtime,master"/>
		<conf name="master" visibility="public" description="contains only the artifact published by this module itself, with no transitive dependencies"/>
		<conf name="compile" visibility="public" description="this is the default scope, used if none is specified. Compile dependencies are available in all classpaths."/>
		<conf name="provided" visibility="public" description="this is much like compile, but indicates you expect the JDK or a container to provide it. It is only available on the compilation classpath, and is not transitive."/>
		<conf name="runtime" visibility="public" description="this scope indicates that the dependency is not required for compilation, but is for execution. It is in the runtime and test classpaths, but not the compile classpath." extends="compile"/>
		<conf name="test" visibility="private" description="this scope indicates that the dependency is not required for normal use of the application, and is only available for the test compilation and execution phases." extends="runtime"/>
		<conf name="system" visibility="public" description="this scope is similar to provided except that you have to provide the JAR which contains it explicitly. The artifact is always available and is not looked up in a repository."/>
		<conf name="sources" visibility="public" description="this configuration contains the source artifact of this module, if any."/>
		<conf name="javadoc" visibility="public" description="this configuration contains the javadoc artifact of this module, if any."/>
		<conf name="optional" visibility="public" description="contains all optional dependencies"/>
	</configurations>
	<publications>
		<artifact name="scala-xml_2.11" type="bundle" ext="jar" conf="master"/>
	</publications>
	<dependencies>
		<dependency org="org.scala-lang" name="scala-compiler" rev="2.11.8" force="true" conf="test->runtime(*),master(compile)">
			<exclude org="org.scala-lang.modules" module="scala-xml*" name="*" type="*" ext="*" conf="" matcher="exact"/>
		</dependency>
		<dependency org="org.scala-lang" name="scala-library" rev="2.11.8" force="true" conf="compile->compile(*),master(compile);runtime->runtime(*)"/>
		<dependency org="junit" name="junit" rev="4.11" force="true" conf="test->runtime(*),master(compile)"/>
		<dependency org="com.novocode" name="junit-interface" rev="0.10" force="true" conf="test->runtime(*),master(compile)"/>
	</dependencies>
</ivy-module>
