<?xml version="1.0" encoding="UTF-8"?>
<ivy-module version="2.0" xmlns:m="http://ant.apache.org/ivy/maven" xmlns:e="http://ant.apache.org/ivy/extra">
	<info organisation="com.fasterxml.jackson.module"
		module="jackson-module-scala_2.11"
		revision="2.6.7.1"
		status="release"
		publication="20170308113933"
	>
		<license name="The Apache Software License, Version 2.0" url="http://www.apache.org/licenses/LICENSE-2.0.txt" />
		<description homepage="http://wiki.fasterxml.com/JacksonModuleScala">
		jackson-module-scala
		</description>
		<e:sbtTransformHash>891a1de4d4e36851faaf49be4cca98be53ff4800</e:sbtTransformHash>
	</info>
	<configurations>
		<conf name="default" visibility="public" description="runtime dependencies and master artifact can be used with this conf" extends="runtime,master"/>
		<conf name="master" visibility="public" description="contains only the artifact published by this module itself, with no transitive dependencies"/>
		<conf name="compile" visibility="public" description="this is the default scope, used if none is specified. Compile dependencies are available in all classpaths."/>
		<conf name="provided" visibility="public" description="this is much like compile, but indicates you expect the JDK or a container to provide it. It is only available on the compilation classpath, and is not transitive."/>
		<conf name="runtime" visibility="public" description="this scope indicates that the dependency is not required for compilation, but is for execution. It is in the runtime and test classpaths, but not the compile classpath." extends="compile"/>
		<conf name="test" visibility="private" description="this scope indicates that the dependency is not required for normal use of the application, and is only available for the test compilation and execution phases." extends="runtime"/>
		<conf name="system" visibility="public" description="this scope is similar to provided except that you have to provide the JAR which contains it explicitly. The artifact is always available and is not looked up in a repository."/>
		<conf name="sources" visibility="public" description="this configuration contains the source artifact of this module, if any."/>
		<conf name="javadoc" visibility="public" description="this configuration contains the javadoc artifact of this module, if any."/>
		<conf name="optional" visibility="public" description="contains all optional dependencies"/>
	</configurations>
	<publications>
		<artifact name="jackson-module-scala_2.11" type="bundle" ext="jar" conf="master"/>
	</publications>
	<dependencies>
		<dependency org="org.scala-lang" name="scala-library" rev="2.11.8" force="true" conf="compile->compile(*),master(compile);runtime->runtime(*)"/>
		<dependency org="org.scala-lang" name="scala-reflect" rev="2.11.8" force="true" conf="compile->compile(*),master(compile);runtime->runtime(*)"/>
		<dependency org="com.fasterxml.jackson.core" name="jackson-core" rev="2.6.7" force="true" conf="compile->compile(*),master(compile);runtime->runtime(*)"/>
		<dependency org="com.fasterxml.jackson.core" name="jackson-annotations" rev="2.6.7" force="true" conf="compile->compile(*),master(compile);runtime->runtime(*)"/>
		<dependency org="com.fasterxml.jackson.core" name="jackson-databind" rev="2.6.7" force="true" conf="compile->compile(*),master(compile);runtime->runtime(*)"/>
		<dependency org="com.fasterxml.jackson.module" name="jackson-module-paranamer" rev="2.7.9" force="true" conf="compile->compile(*),master(compile);runtime->runtime(*)">
			<exclude org="com.fasterxml.jackson.core" module="jackson-databind" name="*" type="*" ext="*" conf="" matcher="exact"/>
		</dependency>
		<dependency org="com.fasterxml.jackson.datatype" name="jackson-datatype-joda" rev="2.6.7" force="true" conf="test->runtime(*),master(compile)"/>
		<dependency org="com.fasterxml.jackson.datatype" name="jackson-datatype-guava" rev="2.6.7" force="true" conf="test->runtime(*),master(compile)"/>
		<dependency org="com.fasterxml.jackson.module" name="jackson-module-jsonSchema" rev="2.6.7" force="true" conf="test->runtime(*),master(compile)"/>
		<dependency org="org.scalatest" name="scalatest_2.11" rev="3.0.0" force="true" conf="test->runtime(*),master(compile)"/>
		<dependency org="junit" name="junit" rev="4.11" force="true" conf="test->runtime(*),master(compile)"/>
	</dependencies>
</ivy-module>
