<?xml version="1.0" encoding="UTF-8"?>
<ivy-module version="2.0" xmlns:m="http://ant.apache.org/ivy/maven" xmlns:e="http://ant.apache.org/ivy/extra">
	<info organisation="net.razorvine"
		module="pyrolite"
		revision="4.13"
		status="release"
		publication="20160908174659"
	>
		<license name="MIT License" url="https://raw.githubusercontent.com/irmen/Pyrolite/master/LICENSE" />
		<description homepage="https://github.com/irmen/Pyrolite">
		This library allows your Java program to interface very easily with the Python world. It uses the Pyro protocol to call methods on remote objects. (See https://github.com/irmen/Pyro4). To that end, it also contains and uses a feature complete pickle protocol implementation -read and write- to exchange data with Pyro/Python.

Pyrolite only implements part of the client side Pyro library, hence its name &apos;lite&apos;...  But because Pyrolite has no dependencies, it is a much lighter way to use Pyro from Java/.NET than a solution with jython+pyro or IronPython+Pyro would provide. So if you don&apos;t need Pyro&apos;s full feature set, and don&apos;t require your Java/.NET code to host Pyro objects itself, Pyrolite may be a good choice to connect java or .NET and python.
Version 4.13 can now register a custom pickler for inheritance tree of interfaces or abstract base class.
		</description>
		<e:sbtTransformHash>5e80c860d52d576dfc1819d6fb82fd7a30247bb6</e:sbtTransformHash>
		<m:properties__project.build.sourceEncoding>UTF-8</m:properties__project.build.sourceEncoding>
		<m:properties__sonatypeOssDistMgmtSnapshotsUrl>https://oss.sonatype.org/content/repositories/snapshots/</m:properties__sonatypeOssDistMgmtSnapshotsUrl>
		<m:maven.plugins>org.apache.maven.plugins__maven-enforcer-plugin__1.2|org.apache.maven.plugins__maven-enforcer-plugin__1.2</m:maven.plugins>
	</info>
	<configurations>
		<conf name="default" visibility="public" description="runtime dependencies and master artifact can be used with this conf" extends="runtime,master"/>
		<conf name="master" visibility="public" description="contains only the artifact published by this module itself, with no transitive dependencies"/>
		<conf name="compile" visibility="public" description="this is the default scope, used if none is specified. Compile dependencies are available in all classpaths."/>
		<conf name="provided" visibility="public" description="this is much like compile, but indicates you expect the JDK or a container to provide it. It is only available on the compilation classpath, and is not transitive."/>
		<conf name="runtime" visibility="public" description="this scope indicates that the dependency is not required for compilation, but is for execution. It is in the runtime and test classpaths, but not the compile classpath." extends="compile"/>
		<conf name="test" visibility="private" description="this scope indicates that the dependency is not required for normal use of the application, and is only available for the test compilation and execution phases." extends="runtime"/>
		<conf name="system" visibility="public" description="this scope is similar to provided except that you have to provide the JAR which contains it explicitly. The artifact is always available and is not looked up in a repository."/>
		<conf name="sources" visibility="public" description="this configuration contains the source artifact of this module, if any."/>
		<conf name="javadoc" visibility="public" description="this configuration contains the javadoc artifact of this module, if any."/>
		<conf name="optional" visibility="public" description="contains all optional dependencies"/>
	</configurations>
	<publications>
		<artifact name="pyrolite" type="jar" ext="jar" conf="master"/>
	</publications>
	<dependencies>
		<dependency org="junit" name="junit" rev="4.12" force="true" conf="test->runtime(*),master(compile)"/>
		<dependency org="net.razorvine" name="serpent" rev="1.12" force="true" conf="compile->compile(*),master(compile);runtime->runtime(*)"/>
	</dependencies>
</ivy-module>
