<?xml version="1.0" encoding="UTF-8"?>
<ivy-module version="2.0" xmlns:m="http://ant.apache.org/ivy/maven" xmlns:e="http://ant.apache.org/ivy/extra">
	<info organisation="org.javassist"
		module="javassist"
		revision="3.18.1-GA"
		status="release"
		publication="20130830115932"
	>
		<license name="MPL 1.1" url="http://www.mozilla.org/MPL/MPL-1.1.html" />
		<license name="LGPL 2.1" url="http://www.gnu.org/licenses/lgpl-2.1.html" />
		<license name="Apache License 2.0" url="http://www.apache.org/licenses/" />
		<description homepage="http://www.javassist.org/">
		Javassist (JAVA programming ASSISTant) makes Java bytecode manipulation
    simple.  It is a class library for editing bytecodes in Java.
		</description>
		<e:sbtTransformHash>30f264ef706c559e2b3aed067d8bc8836f44e314</e:sbtTransformHash>
		<m:maven.plugins>org.apache.maven.plugins__maven-compiler-plugin__null|org.apache.maven.plugins__maven-surefire-plugin__2.12|org.apache.maven.plugins__maven-jar-plugin__null|null__maven-source-plugin__2.0.3|org.apache.maven.plugins__maven-javadoc-plugin__2.7|org.apache.felix__maven-bundle-plugin__2.1.0</m:maven.plugins>
	</info>
	<configurations>
		<conf name="default" visibility="public" description="runtime dependencies and master artifact can be used with this conf" extends="runtime,master"/>
		<conf name="master" visibility="public" description="contains only the artifact published by this module itself, with no transitive dependencies"/>
		<conf name="compile" visibility="public" description="this is the default scope, used if none is specified. Compile dependencies are available in all classpaths."/>
		<conf name="provided" visibility="public" description="this is much like compile, but indicates you expect the JDK or a container to provide it. It is only available on the compilation classpath, and is not transitive."/>
		<conf name="runtime" visibility="public" description="this scope indicates that the dependency is not required for compilation, but is for execution. It is in the runtime and test classpaths, but not the compile classpath." extends="compile"/>
		<conf name="test" visibility="private" description="this scope indicates that the dependency is not required for normal use of the application, and is only available for the test compilation and execution phases." extends="runtime"/>
		<conf name="system" visibility="public" description="this scope is similar to provided except that you have to provide the JAR which contains it explicitly. The artifact is always available and is not looked up in a repository."/>
		<conf name="sources" visibility="public" description="this configuration contains the source artifact of this module, if any."/>
		<conf name="javadoc" visibility="public" description="this configuration contains the javadoc artifact of this module, if any."/>
		<conf name="optional" visibility="public" description="contains all optional dependencies"/>
	</configurations>
	<publications>
		<artifact name="javassist" type="bundle" ext="jar" conf="master"/>
	</publications>
	<dependencies>
		<dependency org="junit" name="junit" rev="3.8.1" force="true" conf="test->runtime(*),master(compile)"/>
	</dependencies>
</ivy-module>
