<?xml version="1.0" encoding="UTF-8"?>
<ivy-module version="2.0" xmlns:m="http://ant.apache.org/ivy/maven" xmlns:e="http://ant.apache.org/ivy/extra">
	<info organisation="com.vlkan"
		module="flatbuffers"
		revision="1.2.0-3f79e055"
		status="release"
		publication="20151109152614"
	>
		<license name="Apache License (v2.0)" url="http://www.apache.org/licenses/LICENSE-2.0" />
		<description homepage="https://github.com/vy/flatbuffers">
		Memory efficient serialization library.
		</description>
		<m:properties__maven-source-plugin.version>2.4</m:properties__maven-source-plugin.version>
		<m:properties__maven-gpg-plugin.version>1.6</m:properties__maven-gpg-plugin.version>
		<m:properties__maven-compiler-plugin.version>3.3</m:properties__maven-compiler-plugin.version>
		<m:properties__java.source.version>1.6</m:properties__java.source.version>
		<e:sbtTransformHash>14b72adc0c0be7e283aeb316c42773a952c29f38</e:sbtTransformHash>
		<m:properties__project.build.sourceEncoding>UTF-8</m:properties__project.build.sourceEncoding>
		<m:maven.plugins>org.apache.maven.plugins__maven-compiler-plugin__3.3</m:maven.plugins>
		<m:properties__maven-javadoc-plugin.version>2.10.3</m:properties__maven-javadoc-plugin.version>
		<m:properties__java.target.version>1.6</m:properties__java.target.version>
	</info>
	<configurations>
		<conf name="default" visibility="public" description="runtime dependencies and master artifact can be used with this conf" extends="runtime,master"/>
		<conf name="master" visibility="public" description="contains only the artifact published by this module itself, with no transitive dependencies"/>
		<conf name="compile" visibility="public" description="this is the default scope, used if none is specified. Compile dependencies are available in all classpaths."/>
		<conf name="provided" visibility="public" description="this is much like compile, but indicates you expect the JDK or a container to provide it. It is only available on the compilation classpath, and is not transitive."/>
		<conf name="runtime" visibility="public" description="this scope indicates that the dependency is not required for compilation, but is for execution. It is in the runtime and test classpaths, but not the compile classpath." extends="compile"/>
		<conf name="test" visibility="private" description="this scope indicates that the dependency is not required for normal use of the application, and is only available for the test compilation and execution phases." extends="runtime"/>
		<conf name="system" visibility="public" description="this scope is similar to provided except that you have to provide the JAR which contains it explicitly. The artifact is always available and is not looked up in a repository."/>
		<conf name="sources" visibility="public" description="this configuration contains the source artifact of this module, if any."/>
		<conf name="javadoc" visibility="public" description="this configuration contains the javadoc artifact of this module, if any."/>
		<conf name="optional" visibility="public" description="contains all optional dependencies"/>
	</configurations>
	<publications>
		<artifact name="flatbuffers" type="jar" ext="jar" conf="master"/>
	</publications>
</ivy-module>
