<?xml version="1.0" encoding="UTF-8"?>
<ivy-module version="2.0" xmlns:m="http://ant.apache.org/ivy/maven" xmlns:e="http://ant.apache.org/ivy/extra">
	<info organisation="com.clearspring.analytics"
		module="stream"
		revision="2.7.0"
		status="release"
		publication="20140523084148"
	>
		<license name="Apache License, Version 2.0" url="http://www.apache.org/licenses/LICENSE-2.0.txt" />
		<description homepage="https://github.com/addthis/stream-lib">
		A library for summarizing data in streams for which it is infeasible to store all events
		</description>
		<e:sbtTransformHash>34adcadf472cd8536dcd7e4aa972dfee94c9dac2</e:sbtTransformHash>
		<m:properties__project.build.sourceEncoding>UTF-8</m:properties__project.build.sourceEncoding>
		<m:properties__sonatypeOssDistMgmtSnapshotsUrl>https://oss.sonatype.org/content/repositories/snapshots/</m:properties__sonatypeOssDistMgmtSnapshotsUrl>
		<m:maven.plugins>org.apache.maven.plugins__maven-enforcer-plugin__1.0|org.apache.maven.plugins__maven-enforcer-plugin__1.0|org.apache.maven.plugins__maven-compiler-plugin__null|org.apache.maven.plugins__maven-source-plugin__null|org.apache.maven.plugins__maven-javadoc-plugin__null|org.apache.maven.plugins__maven-surefire-plugin__2.11|org.apache.maven.plugins__maven-jar-plugin__null|org.apache.maven.plugins__maven-shade-plugin__1.2.1|null__maven-release-plugin__2.2|org.apache.maven.plugins__maven-enforcer-plugin__1.3.1</m:maven.plugins>
	</info>
	<configurations>
		<conf name="default" visibility="public" description="runtime dependencies and master artifact can be used with this conf" extends="runtime,master"/>
		<conf name="master" visibility="public" description="contains only the artifact published by this module itself, with no transitive dependencies"/>
		<conf name="compile" visibility="public" description="this is the default scope, used if none is specified. Compile dependencies are available in all classpaths."/>
		<conf name="provided" visibility="public" description="this is much like compile, but indicates you expect the JDK or a container to provide it. It is only available on the compilation classpath, and is not transitive."/>
		<conf name="runtime" visibility="public" description="this scope indicates that the dependency is not required for compilation, but is for execution. It is in the runtime and test classpaths, but not the compile classpath." extends="compile"/>
		<conf name="test" visibility="private" description="this scope indicates that the dependency is not required for normal use of the application, and is only available for the test compilation and execution phases." extends="runtime"/>
		<conf name="system" visibility="public" description="this scope is similar to provided except that you have to provide the JAR which contains it explicitly. The artifact is always available and is not looked up in a repository."/>
		<conf name="sources" visibility="public" description="this configuration contains the source artifact of this module, if any."/>
		<conf name="javadoc" visibility="public" description="this configuration contains the javadoc artifact of this module, if any."/>
		<conf name="optional" visibility="public" description="contains all optional dependencies"/>
	</configurations>
	<publications>
		<artifact name="stream" type="jar" ext="jar" conf="master"/>
	</publications>
	<dependencies>
		<dependency org="it.unimi.dsi" name="fastutil" rev="6.5.7" force="true" conf="compile->compile(*),master(compile);runtime->runtime(*)"/>
		<dependency org="junit" name="junit" rev="4.10" force="true" conf="test->runtime(*),master(compile)"/>
		<dependency org="colt" name="colt" rev="1.2.0" force="true" conf="test->runtime(*),master(compile)"/>
		<dependency org="com.googlecode.charts4j" name="charts4j" rev="1.3" force="true" conf="test->runtime(*),master(compile)"/>
		<dependency org="commons-codec" name="commons-codec" rev="1.4" force="true" conf="test->runtime(*),master(compile)"/>
		<dependency org="com.google.guava" name="guava" rev="16.0.1" force="true" conf="test->runtime(*),master(compile)"/>
		<dependency org="org.apache.mahout" name="mahout-math" rev="0.9" force="true" conf="test->runtime(*),master(compile)">
			<exclude org="com.google.guava" module="guava" name="*" type="*" ext="*" conf="" matcher="exact"/>
		</dependency>
	</dependencies>
</ivy-module>
