<?xml version="1.0" encoding="UTF-8"?>
<ivy-module version="2.0" xmlns:m="http://ant.apache.org/ivy/maven" xmlns:e="http://ant.apache.org/ivy/extra">
	<info organisation="commons-configuration"
		module="commons-configuration"
		revision="1.6"
		status="release"
		publication="20090204134444"
	>
		<license name="The Apache Software License, Version 2.0" url="/LICENSE.txt" />
		<description homepage="http://commons.apache.org/${pom.artifactId.substring(8)}/">
		Tools to assist in the reading of configuration/preferences files in
    various formats
		</description>
		<e:sbtTransformHash>b68f04ca47777de283ef0184594556f7239197ce</e:sbtTransformHash>
		<m:maven.plugins>null__maven-surefire-plugin__null|maven-plugins__maven-tasks-plugin__1.1.0|maven-plugins__maven-findbugs-plugin__1.4|null__maven-checkstyle-plugin__3.0.1|maven-plugins__maven-cobertura-plugin__1.2|null__maven-changes-plugin__1.6|null__maven-xdoc-plugin__1.8|null__maven-scm-plugin__1.5|null__maven-jdiff-plugin__1.5|null__maven-javadoc-plugin__1.8</m:maven.plugins>
	</info>
	<configurations>
		<conf name="default" visibility="public" description="runtime dependencies and master artifact can be used with this conf" extends="runtime,master"/>
		<conf name="master" visibility="public" description="contains only the artifact published by this module itself, with no transitive dependencies"/>
		<conf name="compile" visibility="public" description="this is the default scope, used if none is specified. Compile dependencies are available in all classpaths."/>
		<conf name="provided" visibility="public" description="this is much like compile, but indicates you expect the JDK or a container to provide it. It is only available on the compilation classpath, and is not transitive."/>
		<conf name="runtime" visibility="public" description="this scope indicates that the dependency is not required for compilation, but is for execution. It is in the runtime and test classpaths, but not the compile classpath." extends="compile"/>
		<conf name="test" visibility="private" description="this scope indicates that the dependency is not required for normal use of the application, and is only available for the test compilation and execution phases." extends="runtime"/>
		<conf name="system" visibility="public" description="this scope is similar to provided except that you have to provide the JAR which contains it explicitly. The artifact is always available and is not looked up in a repository."/>
		<conf name="sources" visibility="public" description="this configuration contains the source artifact of this module, if any."/>
		<conf name="javadoc" visibility="public" description="this configuration contains the javadoc artifact of this module, if any."/>
		<conf name="optional" visibility="public" description="contains all optional dependencies"/>
	</configurations>
	<publications>
		<artifact name="commons-configuration" type="jar" ext="jar" conf="master"/>
	</publications>
	<dependencies>
		<dependency org="commons-collections" name="commons-collections" rev="3.2.1" force="true" conf="compile->compile(*),master(compile);runtime->runtime(*)"/>
		<dependency org="commons-lang" name="commons-lang" rev="2.4" force="true" conf="compile->compile(*),master(compile);runtime->runtime(*)"/>
		<dependency org="commons-logging" name="commons-logging" rev="1.1.1" force="true" conf="compile->compile(*),master(compile);runtime->runtime(*)"/>
		<dependency org="commons-digester" name="commons-digester" rev="1.8" force="true" conf="compile->compile(*),master(compile);runtime->runtime(*)"/>
		<dependency org="commons-beanutils" name="commons-beanutils-core" rev="1.8.0" force="true" conf="compile->compile(*),master(compile);runtime->runtime(*)"/>
		<dependency org="commons-codec" name="commons-codec" rev="1.3" force="true" conf="optional->compile(*),master(compile)"/>
		<dependency org="commons-jxpath" name="commons-jxpath" rev="1.3" force="true" conf="optional->compile(*),master(compile)"/>
		<dependency org="xerces" name="xercesImpl" rev="2.3.0" force="true" conf="provided->compile(*),provided(*),runtime(*),master(compile)"/>
		<dependency org="xalan" name="xalan" rev="2.7.0" force="true" conf="provided->compile(*),provided(*),runtime(*),master(compile)"/>
		<dependency org="xml-apis" name="xml-apis" rev="1.0.b2" force="true" conf="provided->compile(*),provided(*),runtime(*),master(compile)"/>
		<dependency org="javax.servlet" name="servlet-api" rev="2.4" force="true" conf="optional->compile(*),master(compile)"/>
		<dependency org="javax.mail" name="mail" rev="1.4" force="true" conf="optional->compile(*),master(compile)"/>
		<dependency org="ant" name="ant" rev="1.6.5" force="true" conf="optional->compile(*),master(compile)"/>
		<dependency org="commons-dbcp" name="commons-dbcp" rev="1.2.2" force="true" conf="test->runtime(*),master(compile)"/>
		<dependency org="commons-pool" name="commons-pool" rev="1.4" force="true" conf="test->runtime(*),master(compile)"/>
		<dependency org="hsqldb" name="hsqldb" rev="1.7.2.2" force="true" conf="test->runtime(*),master(compile)"/>
		<dependency org="dbunit" name="dbunit" rev="2.1" force="true" conf="test->runtime(*),master(compile)"/>
		<dependency org="junit" name="junit" rev="3.8.1" force="true" conf="test->runtime(*),master(compile)"/>
		<dependency org="junit-addons" name="junit-addons" rev="1.4" force="true" conf="test->runtime(*),master(compile)"/>
		<dependency org="mockobjects" name="mockobjects-core" rev="0.09" force="true" conf="test->runtime(*),master(compile)"/>
		<dependency org="mockobjects" name="mockobjects-jdk1.4-j2ee1.3" rev="0.09" force="true" conf="test->runtime(*),master(compile)"/>
		<dependency org="log4j" name="log4j" rev="1.2.8" force="true" conf="test->runtime(*),master(compile)"/>
	</dependencies>
</ivy-module>
