<?xml version="1.0" encoding="UTF-8"?>
<ivy-module version="2.0" xmlns:e="http://ant.apache.org/ivy/extra">
	<info organisation="org.scala-sbt" module="cache" revision="0.13.18" status="release" publication="20181128082553">
		<description>
		Cache
		</description>
	</info>
	<configurations>
		<conf name="compile" visibility="public" description=""/>
		<conf name="runtime" visibility="public" description="" extends="compile"/>
		<conf name="test" visibility="public" description="" extends="runtime"/>
		<conf name="provided" visibility="public" description=""/>
		<conf name="optional" visibility="public" description=""/>
		
		
		
		
		<conf name="sources" visibility="public" description=""/>
		<conf name="docs" visibility="public" description=""/>
		<conf name="pom" visibility="public" description=""/>
		
	</configurations>
	<publications>
		<artifact name="cache" type="jar" ext="jar" conf="compile"/>
		<artifact name="cache" type="src" ext="jar" conf="sources" e:classifier="sources"/>
	</publications>
	<dependencies>
		
		<dependency org="org.scala-lang" name="scala-library" rev="2.10.7" conf="compile->default(compile)"/>
		<dependency org="org.scala-sbt" name="io" rev="0.13.18" conf="compile->default(compile)"/>
		<dependency org="org.scala-sbt" name="collections" rev="0.13.18" conf="compile->default(compile)"/>
		<dependency org="org.scala-tools.sbinary" name="sbinary_2.10" rev="0.4.2" conf="compile->default(compile)"/>
		<dependency org="org.scala-sbt" name="serialization_2.10" rev="0.1.2" conf="compile->default(compile)"/>
		<dependency org="org.scala-lang" name="scala-reflect" rev="2.10.7" conf="compile->default(compile)"/>
	</dependencies>
</ivy-module>
