<?xml version="1.0" encoding="UTF-8"?>
<ivy-module version="2.0" xmlns:m="http://ant.apache.org/ivy/maven" xmlns:e="http://ant.apache.org/ivy/extra">
	<info organisation="com.ning"
		module="compress-lzf"
		revision="1.0.3"
		status="release"
		publication="20140815233255"
	>
		<license name="Apache License 2.0" url="http://www.apache.org/licenses/LICENSE-2.0.html" />
		<description homepage="http://github.com/ning/compress">
		Compression codec for LZF encoding for particularly encoding/decoding, with reasonable compression.
Compressor is basic Lempel-Ziv codec, without Huffman (deflate/gzip) or statistical post-encoding.
See &quot;http://oldhome.schmorp.de/marc/liblzf.html&quot; for more on original LZF package.
		</description>
		<e:sbtTransformHash>4a5b13e21048e1c2157547aad12ad534599cdc44</e:sbtTransformHash>
		<m:properties__project.build.sourceEncoding>UTF-8</m:properties__project.build.sourceEncoding>
		<m:properties__sonatypeOssDistMgmtSnapshotsUrl>https://oss.sonatype.org/content/repositories/snapshots/</m:properties__sonatypeOssDistMgmtSnapshotsUrl>
		<m:maven.plugins>org.apache.maven.plugins__maven-enforcer-plugin__1.0|org.apache.maven.plugins__maven-enforcer-plugin__1.0|org.apache.maven.plugins__maven-compiler-plugin__2.3.2|org.apache.maven.plugins__maven-source-plugin__2.1.2|org.apache.maven.plugins__maven-javadoc-plugin__2.6.1|org.apache.maven.plugins__maven-release-plugin__2.1|org.apache.felix__maven-bundle-plugin__2.3.7</m:maven.plugins>
	</info>
	<configurations>
		<conf name="default" visibility="public" description="runtime dependencies and master artifact can be used with this conf" extends="runtime,master"/>
		<conf name="master" visibility="public" description="contains only the artifact published by this module itself, with no transitive dependencies"/>
		<conf name="compile" visibility="public" description="this is the default scope, used if none is specified. Compile dependencies are available in all classpaths."/>
		<conf name="provided" visibility="public" description="this is much like compile, but indicates you expect the JDK or a container to provide it. It is only available on the compilation classpath, and is not transitive."/>
		<conf name="runtime" visibility="public" description="this scope indicates that the dependency is not required for compilation, but is for execution. It is in the runtime and test classpaths, but not the compile classpath." extends="compile"/>
		<conf name="test" visibility="private" description="this scope indicates that the dependency is not required for normal use of the application, and is only available for the test compilation and execution phases." extends="runtime"/>
		<conf name="system" visibility="public" description="this scope is similar to provided except that you have to provide the JAR which contains it explicitly. The artifact is always available and is not looked up in a repository."/>
		<conf name="sources" visibility="public" description="this configuration contains the source artifact of this module, if any."/>
		<conf name="javadoc" visibility="public" description="this configuration contains the javadoc artifact of this module, if any."/>
		<conf name="optional" visibility="public" description="contains all optional dependencies"/>
	</configurations>
	<publications>
		<artifact name="compress-lzf" type="bundle" ext="jar" conf="master"/>
	</publications>
	<dependencies>
		<dependency org="org.testng" name="testng" rev="6.5.2" force="true" conf="test->runtime(*),master(compile)"/>
	</dependencies>
</ivy-module>
