<?xml version="1.0" encoding="UTF-8"?>
<ivy-module version="2.0" xmlns:m="http://ant.apache.org/ivy/maven" xmlns:e="http://ant.apache.org/ivy/extra">
	<info organisation="commons-io"
		module="commons-io"
		revision="2.4"
		status="release"
		publication="20120612172206"
	>
		<license name="The Apache Software License, Version 2.0" url="http://www.apache.org/licenses/LICENSE-2.0.txt" />
		<description homepage="http://commons.apache.org/io/">
		The Commons IO library contains utility classes, stream implementations, file filters, 
file comparators, endian transformation classes, and much more.
		</description>
		<m:properties__commons.release.3.name>${project.artifactId}-${commons.release.3.version}</m:properties__commons.release.3.name>
		<m:properties__implementation.build>${scmBranch}@r${buildNumber}; ${maven.build.timestamp}</m:properties__implementation.build>
		<m:properties__commons.rat.version>0.8</m:properties__commons.rat.version>
		<m:properties__commons.surefire-report.aggregate>false</m:properties__commons.surefire-report.aggregate>
		<m:properties__commons.binary.suffix>-bin</m:properties__commons.binary.suffix>
		<m:properties__commons.wagon-ssh.version>2.2</m:properties__commons.wagon-ssh.version>
		<m:properties__commons.encoding>iso-8859-1</m:properties__commons.encoding>
		<m:properties__project.reporting.outputEncoding>${commons.encoding}</m:properties__project.reporting.outputEncoding>
		<m:properties__commons.jxr.version>2.3</m:properties__commons.jxr.version>
		<m:properties__distMgmtSnapshotsUrl>https://repository.apache.org/content/repositories/snapshots</m:properties__distMgmtSnapshotsUrl>
		<m:properties__commons.osgi.export>
        
        org.apache.commons.io;
        org.apache.commons.io.comparator;
        org.apache.commons.io.filefilter;
        org.apache.commons.io.input;
        org.apache.commons.io.output;version=1.4.9999;-noimport:=true,
        
        org.apache.commons.io;
        org.apache.commons.io.comparator;
        org.apache.commons.io.filefilter;
        org.apache.commons.io.input;
        org.apache.commons.io.output;
        org.apache.commons.io.*;version=${project.version};-noimport:=true
    </m:properties__commons.osgi.export>
		<m:properties__commons.release.version>2.4</m:properties__commons.release.version>
		<m:properties__commons.manifestfile>target/osgi/MANIFEST.MF</m:properties__commons.manifestfile>
		<m:properties__commons.osgi.symbolicName>org.apache.commons.${commons.componentid}</m:properties__commons.osgi.symbolicName>
		<m:properties__maven.compile.source>1.6</m:properties__maven.compile.source>
		<m:properties__commons.javadoc.java.link>http://download.oracle.com/javase/6/docs/api/</m:properties__commons.javadoc.java.link>
		<m:properties__commons.rc.version>RC1</m:properties__commons.rc.version>
		<m:properties__commons.release.2.version>2.2</m:properties__commons.release.2.version>
		<m:properties__commons.docEncoding>${commons.encoding}</m:properties__commons.docEncoding>
		<m:properties__maven.compile.target>1.6</m:properties__maven.compile.target>
		<m:properties__commons.release.desc>(requires JDK 1.6+)</m:properties__commons.release.desc>
		<m:properties__organization.logo>http://www.apache.org/images/asf_logo_wide.gif</m:properties__organization.logo>
		<m:properties__maven.build.timestamp.format>yyyy-MM-dd HH:mm:ssZ</m:properties__maven.build.timestamp.format>
		<m:properties__commons.compiler.fork>false</m:properties__commons.compiler.fork>
		<m:properties__commons.jira.pid>12310477</m:properties__commons.jira.pid>
		<m:properties__minSeverity>info</m:properties__minSeverity>
		<m:properties__commons.clirr.version>2.4</m:properties__commons.clirr.version>
		<m:properties__commons.release.3.binary.suffix>-bin</m:properties__commons.release.3.binary.suffix>
		<e:sbtTransformHash>ae500d505f3cd6f275cefa5fe84d99942a35d1f3</e:sbtTransformHash>
		<m:maven.plugins>org.apache.maven.plugins__maven-remote-resources-plugin__null|org.apache.maven.plugins__maven-remote-resources-plugin__null|org.apache.maven.plugins__maven-antrun-plugin__null|org.apache.maven.plugins__maven-compiler-plugin__null|org.apache.maven.plugins__maven-jar-plugin__null|org.apache.maven.plugins__maven-surefire-plugin__null|org.apache.commons__commons-build-plugin__null|org.apache.felix__maven-bundle-plugin__null|org.apache.rat__apache-rat-plugin__0.8|org.apache.maven.plugins__maven-remote-resources-plugin__null|org.apache.maven.plugins__maven-remote-resources-plugin__null|org.apache.maven.plugins__maven-antrun-plugin__null|org.apache.maven.plugins__maven-compiler-plugin__null|org.apache.maven.plugins__maven-jar-plugin__null|org.apache.maven.plugins__maven-surefire-plugin__null|org.apache.commons__commons-build-plugin__null|org.apache.felix__maven-bundle-plugin__null|org.apache.rat__apache-rat-plugin__0.8|org.apache.maven.plugins__maven-surefire-plugin__null|null__maven-assembly-plugin__null</m:maven.plugins>
		<m:properties__commons.jira.id>IO</m:properties__commons.jira.id>
		<m:properties__commons.release.2.desc>(requires JDK 1.5+)</m:properties__commons.release.2.desc>
		<m:properties__commons.javadoc.version>2.8.1</m:properties__commons.javadoc.version>
		<m:properties__commons.javadoc.javaee.link>http://download.oracle.com/javaee/6/api/</m:properties__commons.javadoc.javaee.link>
		<m:properties__commons.release.2.binary.suffix>-bin</m:properties__commons.release.2.binary.suffix>
		<m:properties__commons.release.2.name>${project.artifactId}-${commons.release.2.version}</m:properties__commons.release.2.name>
		<m:properties__project.build.sourceEncoding>${commons.encoding}</m:properties__project.build.sourceEncoding>
		<m:properties__commons.changes.version>2.6</m:properties__commons.changes.version>
		<m:properties__commons.deployment.protocol>scp</m:properties__commons.deployment.protocol>
		<m:properties__commons.componentid>io</m:properties__commons.componentid>
		<m:properties__commons.project-info.version>2.4</m:properties__commons.project-info.version>
		<m:properties__distMgmtSnapshotsName>Apache Development Snapshot Repository</m:properties__distMgmtSnapshotsName>
		<m:properties__commons.osgi.import>*</m:properties__commons.osgi.import>
		<m:properties__sourceReleaseAssemblyDescriptor>source-release</m:properties__sourceReleaseAssemblyDescriptor>
		<m:properties__commons.release.name>${project.artifactId}-${commons.release.version}</m:properties__commons.release.name>
		<m:properties__commons.surefire-report.version>2.12</m:properties__commons.surefire-report.version>
		<m:properties__commons.surefire.version>2.12</m:properties__commons.surefire.version>
	</info>
	<configurations>
		<conf name="default" visibility="public" description="runtime dependencies and master artifact can be used with this conf" extends="runtime,master"/>
		<conf name="master" visibility="public" description="contains only the artifact published by this module itself, with no transitive dependencies"/>
		<conf name="compile" visibility="public" description="this is the default scope, used if none is specified. Compile dependencies are available in all classpaths."/>
		<conf name="provided" visibility="public" description="this is much like compile, but indicates you expect the JDK or a container to provide it. It is only available on the compilation classpath, and is not transitive."/>
		<conf name="runtime" visibility="public" description="this scope indicates that the dependency is not required for compilation, but is for execution. It is in the runtime and test classpaths, but not the compile classpath." extends="compile"/>
		<conf name="test" visibility="private" description="this scope indicates that the dependency is not required for normal use of the application, and is only available for the test compilation and execution phases." extends="runtime"/>
		<conf name="system" visibility="public" description="this scope is similar to provided except that you have to provide the JAR which contains it explicitly. The artifact is always available and is not looked up in a repository."/>
		<conf name="sources" visibility="public" description="this configuration contains the source artifact of this module, if any."/>
		<conf name="javadoc" visibility="public" description="this configuration contains the javadoc artifact of this module, if any."/>
		<conf name="optional" visibility="public" description="contains all optional dependencies"/>
	</configurations>
	<publications>
		<artifact name="commons-io" type="jar" ext="jar" conf="master"/>
	</publications>
	<dependencies>
		<dependency org="junit" name="junit" rev="4.10" force="true" conf="test->runtime(*),master(compile)"/>
	</dependencies>
</ivy-module>
