<?xml version="1.0" encoding="UTF-8"?>
<ivy-module version="2.0" xmlns:m="http://ant.apache.org/ivy/maven" xmlns:e="http://ant.apache.org/ivy/extra">
	<info organisation="org.apache.avro"
		module="avro"
		revision="1.8.2"
		status="release"
		publication="20170507135247"
	>
		<license name="The Apache Software License, Version 2.0" url="http://www.apache.org/licenses/LICENSE-2.0.txt" />
		<description homepage="http://avro.apache.org">
		Avro core components
		</description>
		<m:properties__archetype-plugin.version>2.2</m:properties__archetype-plugin.version>
		<m:properties__bundle-plugin-version>2.5.3</m:properties__bundle-plugin-version>
		<m:properties__osgi.export>org.apache.avro*;version=&quot;${project.version}&quot;</m:properties__osgi.export>
		<m:properties__commons-logging.version>1.1.1</m:properties__commons-logging.version>
		<m:properties__tukaani.version>1.5</m:properties__tukaani.version>
		<m:properties__commons-lang.version>2.6</m:properties__commons-lang.version>
		<m:properties__junit.version>4.11</m:properties__junit.version>
		<m:properties__plugin-plugin.version>3.3</m:properties__plugin-plugin.version>
		<m:properties__maven.version>2.0.10</m:properties__maven.version>
		<m:dependency.management__org.apache.commons__commons-compress__version>1.8.1</m:dependency.management__org.apache.commons__commons-compress__version>
		<m:properties__antrun-plugin.version>1.7</m:properties__antrun-plugin.version>
		<m:properties__jar-plugin.version>2.5</m:properties__jar-plugin.version>
		<m:dependency.management__org.apache.hadoop__hadoop-client__version>2.5.1</m:dependency.management__org.apache.hadoop__hadoop-client__version>
		<m:properties__commons-compress.version>1.8.1</m:properties__commons-compress.version>
		<m:properties__distMgmtSnapshotsUrl>https://repository.apache.org/content/repositories/snapshots</m:properties__distMgmtSnapshotsUrl>
		<m:properties__slf4j.version>1.7.7</m:properties__slf4j.version>
		<m:properties__gpg.useagent>true</m:properties__gpg.useagent>
		<m:dependency.management__io.netty__netty__version>3.5.13.Final</m:dependency.management__io.netty__netty__version>
		<m:properties__hamcrest.version>1.3</m:properties__hamcrest.version>
		<m:properties__easymock.version>3.2</m:properties__easymock.version>
		<m:properties__protobuf.version>2.5.0</m:properties__protobuf.version>
		<m:properties__jetty-servlet-api.version>2.5-20081211</m:properties__jetty-servlet-api.version>
		<m:dependency.management__org.codehaus.jackson__jackson-core-asl__version>1.9.13</m:dependency.management__org.codehaus.jackson__jackson-core-asl__version>
		<m:properties__javacc-plugin.version>2.6</m:properties__javacc-plugin.version>
		<m:properties__ant.version>1.9.0</m:properties__ant.version>
		<m:properties__hadoop2.version>2.5.1</m:properties__hadoop2.version>
		<m:dependency.management__org.apache.hadoop__hadoop-core__version>1.2.1</m:dependency.management__org.apache.hadoop__hadoop-core__version>
		<m:properties__commons-cli.version>1.2</m:properties__commons-cli.version>
		<m:properties__jopt-simple.version>4.7</m:properties__jopt-simple.version>
		<m:properties__paranamer.version>2.7</m:properties__paranamer.version>
		<m:properties__shade-plugin.version>1.7.1</m:properties__shade-plugin.version>
		<m:properties__avro.docDir>build/avro-doc-${project.version}/api</m:properties__avro.docDir>
		<m:properties__commons-codec.version>1.9</m:properties__commons-codec.version>
		<m:properties__checkstyle-plugin.version>2.12.1</m:properties__checkstyle-plugin.version>
		<m:properties__organization.logo>http://www.apache.org/images/asf_logo_wide.gif</m:properties__organization.logo>
		<m:dependency.management__org.apache.velocity__velocity__version>1.7</m:dependency.management__org.apache.velocity__velocity__version>
		<m:properties__commons-httpclient.version>3.1</m:properties__commons-httpclient.version>
		<m:properties__plugin-tools-javadoc.version>3.2</m:properties__plugin-tools-javadoc.version>
		<m:properties__thrift.version>0.9.1</m:properties__thrift.version>
		<m:properties__rat.version>0.9</m:properties__rat.version>
		<m:dependency.management__org.mortbay.jetty__jetty__version>6.1.26</m:dependency.management__org.mortbay.jetty__jetty__version>
		<m:properties__jackson.version>1.9.13</m:properties__jackson.version>
		<m:dependency.management__com.thoughtworks.paranamer__paranamer__version>2.7</m:dependency.management__com.thoughtworks.paranamer__paranamer__version>
		<m:properties__apache-rat-tasks.version>0.7</m:properties__apache-rat-tasks.version>
		<m:dependency.management__org.easymock__easymock__version>3.2</m:dependency.management__org.easymock__easymock__version>
		<m:dependency.management__org.codehaus.jackson__jackson-mapper-asl__version>1.9.13</m:dependency.management__org.codehaus.jackson__jackson-mapper-asl__version>
		<e:sbtTransformHash>101f9d62f6c44198b6d1d8d04bfeb87d44a6c83e</e:sbtTransformHash>
		<m:properties__osgi.import>!org.apache.avro*,
      com.thoughtworks.paranamer,
      org.codehaus.jackson*,
      org.xerial.snappy;resolution:=optional,
      *</m:properties__osgi.import>
		<m:properties__jetty.version>6.1.26</m:properties__jetty.version>
		<m:properties__guava.version>11.0.2</m:properties__guava.version>
		<m:properties__source-plugin.version>2.3</m:properties__source-plugin.version>
		<m:properties__javadoc-plugin.version>2.9.1</m:properties__javadoc-plugin.version>
		<m:dependency.management__org.xerial.snappy__snappy-java__version>1.1.1.3</m:dependency.management__org.xerial.snappy__snappy-java__version>
		<m:properties__findbugs-annotations.version>1.3.9-1</m:properties__findbugs-annotations.version>
		<m:properties__joda.version>2.7</m:properties__joda.version>
		<m:properties__velocity.version>1.7</m:properties__velocity.version>
		<m:maven.plugins>org.apache.maven.plugins__maven-remote-resources-plugin__null|org.apache.maven.plugins__maven-remote-resources-plugin__null|org.apache.maven.plugins__maven-enforcer-plugin__1.3.1|org.apache.maven.plugins__maven-remote-resources-plugin__null|org.apache.maven.plugins__maven-remote-resources-plugin__null|org.apache.maven.plugins__maven-enforcer-plugin__1.3.1|org.apache.maven.plugins__maven-checkstyle-plugin__null|org.apache.felix__maven-bundle-plugin__2.5.3|org.apache.maven.plugins__maven-checkstyle-plugin__2.12.1|org.apache.maven.plugins__maven-remote-resources-plugin__null|org.apache.maven.plugins__maven-remote-resources-plugin__null|org.apache.maven.plugins__maven-enforcer-plugin__1.3.1|org.apache.maven.plugins__maven-remote-resources-plugin__null|org.apache.maven.plugins__maven-remote-resources-plugin__null|org.apache.maven.plugins__maven-enforcer-plugin__1.3.1|org.apache.maven.plugins__maven-checkstyle-plugin__null|org.apache.felix__maven-bundle-plugin__2.5.3|org.apache.maven.plugins__maven-checkstyle-plugin__2.12.1|com.thoughtworks.paranamer__paranamer-maven-plugin__2.7|null__maven-jar-plugin__null|null__maven-shade-plugin__null</m:maven.plugins>
		<m:properties__surefire-plugin.version>2.17</m:properties__surefire-plugin.version>
		<m:properties__maven-site-plugin.version>3.3</m:properties__maven-site-plugin.version>
		<m:properties__enforcer-plugin.version>1.3.1</m:properties__enforcer-plugin.version>
		<m:dependency.management__net.sf.jopt-simple__jopt-simple__version>4.7</m:dependency.management__net.sf.jopt-simple__jopt-simple__version>
		<m:dependency.management__org.hamcrest__hamcrest-all__version>1.3</m:dependency.management__org.hamcrest__hamcrest-all__version>
		<m:properties__netty.version>3.5.13.Final</m:properties__netty.version>
		<m:properties__project.build.sourceEncoding>UTF-8</m:properties__project.build.sourceEncoding>
		<m:properties__file-management.version>1.2.1</m:properties__file-management.version>
		<m:properties__avro.distDir>dist</m:properties__avro.distDir>
		<m:properties__exec-plugin.version>1.3.2</m:properties__exec-plugin.version>
		<m:properties__distMgmtSnapshotsName>Apache Development Snapshot Repository</m:properties__distMgmtSnapshotsName>
		<m:properties__sourceReleaseAssemblyDescriptor>source-release</m:properties__sourceReleaseAssemblyDescriptor>
		<m:properties__snappy.version>1.1.1.3</m:properties__snappy.version>
		<m:properties__hadoop1.version>1.2.1</m:properties__hadoop1.version>
		<m:dependency.management__joda-time__joda-time__version>2.7</m:dependency.management__joda-time__joda-time__version>
		<m:properties__compiler-plugin.version>3.1</m:properties__compiler-plugin.version>
	</info>
	<configurations>
		<conf name="default" visibility="public" description="runtime dependencies and master artifact can be used with this conf" extends="runtime,master"/>
		<conf name="master" visibility="public" description="contains only the artifact published by this module itself, with no transitive dependencies"/>
		<conf name="compile" visibility="public" description="this is the default scope, used if none is specified. Compile dependencies are available in all classpaths."/>
		<conf name="provided" visibility="public" description="this is much like compile, but indicates you expect the JDK or a container to provide it. It is only available on the compilation classpath, and is not transitive."/>
		<conf name="runtime" visibility="public" description="this scope indicates that the dependency is not required for compilation, but is for execution. It is in the runtime and test classpaths, but not the compile classpath." extends="compile"/>
		<conf name="test" visibility="private" description="this scope indicates that the dependency is not required for normal use of the application, and is only available for the test compilation and execution phases." extends="runtime"/>
		<conf name="system" visibility="public" description="this scope is similar to provided except that you have to provide the JAR which contains it explicitly. The artifact is always available and is not looked up in a repository."/>
		<conf name="sources" visibility="public" description="this configuration contains the source artifact of this module, if any."/>
		<conf name="javadoc" visibility="public" description="this configuration contains the javadoc artifact of this module, if any."/>
		<conf name="optional" visibility="public" description="contains all optional dependencies"/>
	</configurations>
	<publications>
		<artifact name="avro" type="bundle" ext="jar" conf="master"/>
	</publications>
	<dependencies>
		<dependency org="org.codehaus.jackson" name="jackson-core-asl" rev="1.9.13" force="true" conf="compile->compile(*),master(compile);runtime->runtime(*)"/>
		<dependency org="org.codehaus.jackson" name="jackson-mapper-asl" rev="1.9.13" force="true" conf="compile->compile(*),master(compile);runtime->runtime(*)"/>
		<dependency org="com.thoughtworks.paranamer" name="paranamer" rev="2.7" force="true" conf="compile->compile(*),master(compile);runtime->runtime(*)"/>
		<dependency org="org.xerial.snappy" name="snappy-java" rev="1.1.1.3" force="true" conf="compile->compile(*),master(compile);runtime->runtime(*)"/>
		<dependency org="org.apache.commons" name="commons-compress" rev="1.8.1" force="true" conf="compile->compile(*),master(compile);runtime->runtime(*)"/>
		<dependency org="org.tukaani" name="xz" rev="1.5" force="true" conf="compile->compile(*),master(compile);runtime->runtime(*)"/>
		<dependency org="joda-time" name="joda-time" rev="2.7" force="true" conf="optional->compile(*),master(compile)"/>
		<dependency org="org.hamcrest" name="hamcrest-all" rev="1.3" force="true" conf="test->runtime(*),master(compile)"/>
		<dependency org="junit" name="junit" rev="4.11" force="true" conf="test->runtime(*),master(compile)">
			<exclude org="org.hamcrest" module="hamcrest-core" name="*" type="*" ext="*" conf="" matcher="exact"/>
		</dependency>
		<dependency org="org.slf4j" name="slf4j-api" rev="1.7.7" force="true" conf="compile->compile(*),master(compile);runtime->runtime(*)"/>
		<dependency org="org.slf4j" name="slf4j-simple" rev="1.7.7" force="true" conf="optional->compile(*),provided(*),master(compile)"/>
	</dependencies>
</ivy-module>
